-- Seed data: 15 collections (3 levels), 90 bookmarks
-- Generated: 2026-03-06T10:56:51.039Z

INSERT INTO collection (collection_id, parent_collection_id, name, color, sort, created_at, updated_at) VALUES ('68c07344-b35d-4669-bb59-7e156dfcc873', NULL, 'Development', '#3b82f6', 1, '2026-03-06T10:41:51.039Z', '2026-03-06T10:41:51.039Z');
INSERT INTO collection (collection_id, parent_collection_id, name, color, sort, created_at, updated_at) VALUES ('81c6b8ff-d186-47a6-b198-ade650537fab', NULL, 'Design', '#8b5cf6', 2, '2026-03-06T10:42:51.039Z', '2026-03-06T10:42:51.039Z');
INSERT INTO collection (collection_id, parent_collection_id, name, color, sort, created_at, updated_at) VALUES ('a4bc2c6c-bddc-4f13-95cc-0df1b5d542fa', NULL, 'AI & ML', '#10b981', 3, '2026-03-06T10:43:51.039Z', '2026-03-06T10:43:51.039Z');
INSERT INTO collection (collection_id, parent_collection_id, name, color, sort, created_at, updated_at) VALUES ('e6b50ea8-306c-4dcd-84c9-7b796e503448', NULL, 'DevOps', '#06b6d4', 4, '2026-03-06T10:44:51.039Z', '2026-03-06T10:44:51.039Z');
INSERT INTO collection (collection_id, parent_collection_id, name, color, sort, created_at, updated_at) VALUES ('cc9a9977-6331-4351-a7b6-2e5a7e9143b8', NULL, 'Reading List', '#ef4444', 5, '2026-03-06T10:45:51.039Z', '2026-03-06T10:45:51.039Z');
INSERT INTO collection (collection_id, parent_collection_id, name, color, sort, created_at, updated_at) VALUES ('f87cd35c-83c0-4d54-9b97-986085da663a', '68c07344-b35d-4669-bb59-7e156dfcc873', 'Frontend', '#60a5fa', 6, '2026-03-06T10:46:51.039Z', '2026-03-06T10:46:51.039Z');
INSERT INTO collection (collection_id, parent_collection_id, name, color, sort, created_at, updated_at) VALUES ('724133bd-1ddc-4f84-9574-7df730795d30', '68c07344-b35d-4669-bb59-7e156dfcc873', 'Backend', '#818cf8', 7, '2026-03-06T10:47:51.039Z', '2026-03-06T10:47:51.039Z');
INSERT INTO collection (collection_id, parent_collection_id, name, color, sort, created_at, updated_at) VALUES ('437e9d64-e51c-4deb-8ea1-1e3a8ad8cbd8', '81c6b8ff-d186-47a6-b198-ade650537fab', 'UI Components', '#a78bfa', 8, '2026-03-06T10:48:51.039Z', '2026-03-06T10:48:51.039Z');
INSERT INTO collection (collection_id, parent_collection_id, name, color, sort, created_at, updated_at) VALUES ('822f5aaf-69dc-4f27-96f7-93dd0654763d', 'a4bc2c6c-bddc-4f13-95cc-0df1b5d542fa', 'Research', '#34d399', 9, '2026-03-06T10:49:51.039Z', '2026-03-06T10:49:51.039Z');
INSERT INTO collection (collection_id, parent_collection_id, name, color, sort, created_at, updated_at) VALUES ('31ad1484-cbb9-47b9-8899-c832e2494d68', 'a4bc2c6c-bddc-4f13-95cc-0df1b5d542fa', 'Tools & APIs', '#6ee7b7', 10, '2026-03-06T10:50:51.039Z', '2026-03-06T10:50:51.039Z');
INSERT INTO collection (collection_id, parent_collection_id, name, color, sort, created_at, updated_at) VALUES ('0619e72e-1eea-4e6f-bece-a95ae8729379', 'e6b50ea8-306c-4dcd-84c9-7b796e503448', 'Cloud', '#67e8f9', 11, '2026-03-06T10:51:51.039Z', '2026-03-06T10:51:51.039Z');
INSERT INTO collection (collection_id, parent_collection_id, name, color, sort, created_at, updated_at) VALUES ('efb7988d-e042-46d0-975c-79a891519c25', 'e6b50ea8-306c-4dcd-84c9-7b796e503448', 'CI/CD & IaC', '#0891b2', 12, '2026-03-06T10:52:51.039Z', '2026-03-06T10:52:51.039Z');
INSERT INTO collection (collection_id, parent_collection_id, name, color, sort, created_at, updated_at) VALUES ('e5cca972-5fa7-45b1-8a8c-9d50fbefba38', 'f87cd35c-83c0-4d54-9b97-986085da663a', 'React Ecosystem', '#93c5fd', 13, '2026-03-06T10:53:51.039Z', '2026-03-06T10:53:51.039Z');
INSERT INTO collection (collection_id, parent_collection_id, name, color, sort, created_at, updated_at) VALUES ('e625cf5a-873e-4ff5-9e0a-08c4579b5ffd', 'f87cd35c-83c0-4d54-9b97-986085da663a', 'CSS & Styling', '#c4b5fd', 14, '2026-03-06T10:54:51.039Z', '2026-03-06T10:54:51.039Z');
INSERT INTO collection (collection_id, parent_collection_id, name, color, sort, created_at, updated_at) VALUES ('86977f49-c693-4a0f-830f-eb1f48a7059a', '724133bd-1ddc-4f84-9574-7df730795d30', 'Databases', '#7c3aed', 15, '2026-03-06T10:55:51.039Z', '2026-03-06T10:55:51.039Z');

INSERT INTO tag (tag_id, name, created_at, updated_at) VALUES ('30534ea6-1332-4fe1-99e2-246f0627fc82', 'tools', '2026-03-06T10:56:51.039Z', '2026-03-06T10:56:51.039Z');
INSERT INTO tag (tag_id, name, created_at, updated_at) VALUES ('e8eca1f8-b600-43f1-adbd-8dbf2fd9f4f1', 'git', '2026-03-06T10:56:51.039Z', '2026-03-06T10:56:51.039Z');
INSERT INTO tag (tag_id, name, created_at, updated_at) VALUES ('54cc6649-66ea-4b5e-8777-c57047c28966', 'reference', '2026-03-06T10:56:51.039Z', '2026-03-06T10:56:51.039Z');
INSERT INTO tag (tag_id, name, created_at, updated_at) VALUES ('076a2534-4bb5-46f7-a50b-368cb374270b', 'community', '2026-03-06T10:56:51.039Z', '2026-03-06T10:56:51.039Z');
INSERT INTO tag (tag_id, name, created_at, updated_at) VALUES ('f0d295b4-2c45-4686-a910-6a87c81f445d', 'frontend', '2026-03-06T10:56:51.039Z', '2026-03-06T10:56:51.039Z');
INSERT INTO tag (tag_id, name, created_at, updated_at) VALUES ('ded27133-d30e-4451-8caf-f09f10df5882', 'backend', '2026-03-06T10:56:51.039Z', '2026-03-06T10:56:51.039Z');
INSERT INTO tag (tag_id, name, created_at, updated_at) VALUES ('b4162455-0b3f-4d3f-974e-6dc01bc923e9', 'javascript', '2026-03-06T10:56:51.039Z', '2026-03-06T10:56:51.039Z');
INSERT INTO tag (tag_id, name, created_at, updated_at) VALUES ('725711ff-e983-47d9-8ae2-c77459f56a77', 'typescript', '2026-03-06T10:56:51.039Z', '2026-03-06T10:56:51.039Z');
INSERT INTO tag (tag_id, name, created_at, updated_at) VALUES ('fd222bff-d60c-460a-b527-876c39f9f471', 'react', '2026-03-06T10:56:51.039Z', '2026-03-06T10:56:51.039Z');
INSERT INTO tag (tag_id, name, created_at, updated_at) VALUES ('bc3a4b04-a3ff-4826-9190-305a4152a925', 'design', '2026-03-06T10:56:51.039Z', '2026-03-06T10:56:51.039Z');
INSERT INTO tag (tag_id, name, created_at, updated_at) VALUES ('73551473-bf33-4d81-a4f5-1ccb11d4d21e', 'css', '2026-03-06T10:56:51.039Z', '2026-03-06T10:56:51.039Z');
INSERT INTO tag (tag_id, name, created_at, updated_at) VALUES ('e1730a0d-2fc9-4de1-a80b-e444c580f0a9', 'database', '2026-03-06T10:56:51.039Z', '2026-03-06T10:56:51.039Z');
INSERT INTO tag (tag_id, name, created_at, updated_at) VALUES ('09973018-4a13-4370-b2d4-4924666e9bfc', 'devops', '2026-03-06T10:56:51.039Z', '2026-03-06T10:56:51.039Z');
INSERT INTO tag (tag_id, name, created_at, updated_at) VALUES ('9ab4e13f-17ab-4d12-9ca0-83e2aab6d03e', 'ux', '2026-03-06T10:56:51.039Z', '2026-03-06T10:56:51.039Z');
INSERT INTO tag (tag_id, name, created_at, updated_at) VALUES ('df75a033-e59d-41e9-801c-bf2c80d2001c', 'ai', '2026-03-06T10:56:51.039Z', '2026-03-06T10:56:51.039Z');
INSERT INTO tag (tag_id, name, created_at, updated_at) VALUES ('c9adc85c-ceb5-4316-9e52-0511f34dffdb', 'tutorial', '2026-03-06T10:56:51.039Z', '2026-03-06T10:56:51.039Z');
INSERT INTO tag (tag_id, name, created_at, updated_at) VALUES ('1b23c556-0ef8-41dd-85e5-9537315dcd4a', 'open-source', '2026-03-06T10:56:51.039Z', '2026-03-06T10:56:51.039Z');
INSERT INTO tag (tag_id, name, created_at, updated_at) VALUES ('9cd45dc7-3bb5-40b7-a220-625998386b88', 'python', '2026-03-06T10:56:51.039Z', '2026-03-06T10:56:51.039Z');
INSERT INTO tag (tag_id, name, created_at, updated_at) VALUES ('5a7b5aff-508a-4238-a6d8-bdf8685095cf', 'testing', '2026-03-06T10:56:51.039Z', '2026-03-06T10:56:51.039Z');

INSERT INTO bookmark (bookmark_id, collection_id, url, url_hash, title, description, favicon, sort, created_at, updated_at) VALUES ('f1092f73-93d8-48d3-827e-3c78e2bb0f98', '68c07344-b35d-4669-bb59-7e156dfcc873', 'https://github.com', '996e1f714b08e971ec79e3bea686287e66441f043177999a13dbc546d8fe402a', 'GitHub', 'The complete developer platform.', 'https://www.google.com/s2/favicons?domain=github.com&sz=64', 1, '2026-03-02T16:56:51.039Z', '2026-03-02T16:56:51.039Z');
INSERT INTO bookmark_tag (bookmark_id, tag_id, created_at) VALUES ('f1092f73-93d8-48d3-827e-3c78e2bb0f98', '30534ea6-1332-4fe1-99e2-246f0627fc82', '2026-03-02T16:56:51.039Z');
INSERT INTO bookmark_tag (bookmark_id, tag_id, created_at) VALUES ('f1092f73-93d8-48d3-827e-3c78e2bb0f98', 'e8eca1f8-b600-43f1-adbd-8dbf2fd9f4f1', '2026-03-02T16:56:51.039Z');

INSERT INTO bookmark (bookmark_id, collection_id, url, url_hash, title, description, favicon, sort, created_at, updated_at) VALUES ('1ff7723f-0b71-469a-af66-027226bba51f', '68c07344-b35d-4669-bb59-7e156dfcc873', 'https://stackoverflow.com', '6f60e0febf52ead78634f96d36f4ef92eecf6e8408601a1bda06039d750e2f63', 'Stack Overflow', 'Where developers learn, share, & build careers.', 'https://www.google.com/s2/favicons?domain=stackoverflow.com&sz=64', 2, '2026-03-02T17:56:51.039Z', '2026-03-02T17:56:51.039Z');
INSERT INTO bookmark_tag (bookmark_id, tag_id, created_at) VALUES ('1ff7723f-0b71-469a-af66-027226bba51f', '54cc6649-66ea-4b5e-8777-c57047c28966', '2026-03-02T17:56:51.039Z');
INSERT INTO bookmark_tag (bookmark_id, tag_id, created_at) VALUES ('1ff7723f-0b71-469a-af66-027226bba51f', '076a2534-4bb5-46f7-a50b-368cb374270b', '2026-03-02T17:56:51.039Z');

INSERT INTO bookmark (bookmark_id, collection_id, url, url_hash, title, description, favicon, sort, created_at, updated_at) VALUES ('721cb05f-ced4-48d6-b1fc-d843c619247e', '68c07344-b35d-4669-bb59-7e156dfcc873', 'https://developer.mozilla.org/en-US/docs/Web', '316115636f085f8684c9f09e2feca8198828851eb5add36add4c3da2ff5afa68', 'MDN Web Docs', 'Resources for developers, by developers.', 'https://www.google.com/s2/favicons?domain=developer.mozilla.org&sz=64', 3, '2026-03-02T18:56:51.039Z', '2026-03-02T18:56:51.039Z');
INSERT INTO bookmark_tag (bookmark_id, tag_id, created_at) VALUES ('721cb05f-ced4-48d6-b1fc-d843c619247e', '54cc6649-66ea-4b5e-8777-c57047c28966', '2026-03-02T18:56:51.039Z');
INSERT INTO bookmark_tag (bookmark_id, tag_id, created_at) VALUES ('721cb05f-ced4-48d6-b1fc-d843c619247e', 'f0d295b4-2c45-4686-a910-6a87c81f445d', '2026-03-02T18:56:51.039Z');
INSERT INTO bookmark_tag (bookmark_id, tag_id, created_at) VALUES ('721cb05f-ced4-48d6-b1fc-d843c619247e', 'ded27133-d30e-4451-8caf-f09f10df5882', '2026-03-02T18:56:51.039Z');

INSERT INTO bookmark (bookmark_id, collection_id, url, url_hash, title, description, favicon, sort, created_at, updated_at) VALUES ('dbb45ce5-4a7b-4033-b183-04a0e505573c', 'f87cd35c-83c0-4d54-9b97-986085da663a', 'https://vitejs.dev/guide/', '808c931faed77dfe76fb818e0a0f85889c995325fb3eeff096bf3efab47d500a', 'Vite | Getting Started', 'Next generation front-end tooling.', 'https://www.google.com/s2/favicons?domain=vitejs.dev&sz=64', 4, '2026-03-02T19:56:51.040Z', '2026-03-02T19:56:51.040Z');
INSERT INTO bookmark_tag (bookmark_id, tag_id, created_at) VALUES ('dbb45ce5-4a7b-4033-b183-04a0e505573c', '30534ea6-1332-4fe1-99e2-246f0627fc82', '2026-03-02T19:56:51.040Z');
INSERT INTO bookmark_tag (bookmark_id, tag_id, created_at) VALUES ('dbb45ce5-4a7b-4033-b183-04a0e505573c', 'b4162455-0b3f-4d3f-974e-6dc01bc923e9', '2026-03-02T19:56:51.040Z');
INSERT INTO bookmark_tag (bookmark_id, tag_id, created_at) VALUES ('dbb45ce5-4a7b-4033-b183-04a0e505573c', 'f0d295b4-2c45-4686-a910-6a87c81f445d', '2026-03-02T19:56:51.040Z');

INSERT INTO bookmark (bookmark_id, collection_id, url, url_hash, title, description, favicon, sort, created_at, updated_at) VALUES ('afab2267-0511-45f3-b3b3-cd54e2d656ba', 'f87cd35c-83c0-4d54-9b97-986085da663a', 'https://www.typescriptlang.org/docs/', 'd1ea49db3568981e96638fef88da32b5bdf8eb76bd3b35e38ce42aa361448e65', 'TypeScript Documentation', 'Official TypeScript handbook and reference.', 'https://www.google.com/s2/favicons?domain=www.typescriptlang.org&sz=64', 5, '2026-03-02T20:56:51.040Z', '2026-03-02T20:56:51.040Z');
INSERT INTO bookmark_tag (bookmark_id, tag_id, created_at) VALUES ('afab2267-0511-45f3-b3b3-cd54e2d656ba', '725711ff-e983-47d9-8ae2-c77459f56a77', '2026-03-02T20:56:51.040Z');
INSERT INTO bookmark_tag (bookmark_id, tag_id, created_at) VALUES ('afab2267-0511-45f3-b3b3-cd54e2d656ba', '54cc6649-66ea-4b5e-8777-c57047c28966', '2026-03-02T20:56:51.040Z');

INSERT INTO bookmark (bookmark_id, collection_id, url, url_hash, title, description, favicon, sort, created_at, updated_at) VALUES ('b523d0a1-bf24-438d-a6a2-f817bcefdc5e', 'f87cd35c-83c0-4d54-9b97-986085da663a', 'https://nextjs.org/docs', '9529d5dabe8a726a39a897480c4cb812a80b0214487f6527243cd3c7f5afd844', 'Next.js Documentation', 'Full-stack React framework docs.', 'https://www.google.com/s2/favicons?domain=nextjs.org&sz=64', 6, '2026-03-02T21:56:51.040Z', '2026-03-02T21:56:51.040Z');
INSERT INTO bookmark_tag (bookmark_id, tag_id, created_at) VALUES ('b523d0a1-bf24-438d-a6a2-f817bcefdc5e', 'fd222bff-d60c-460a-b527-876c39f9f471', '2026-03-02T21:56:51.040Z');
INSERT INTO bookmark_tag (bookmark_id, tag_id, created_at) VALUES ('b523d0a1-bf24-438d-a6a2-f817bcefdc5e', '725711ff-e983-47d9-8ae2-c77459f56a77', '2026-03-02T21:56:51.040Z');
INSERT INTO bookmark_tag (bookmark_id, tag_id, created_at) VALUES ('b523d0a1-bf24-438d-a6a2-f817bcefdc5e', 'f0d295b4-2c45-4686-a910-6a87c81f445d', '2026-03-02T21:56:51.040Z');

INSERT INTO bookmark (bookmark_id, collection_id, url, url_hash, title, description, favicon, sort, created_at, updated_at) VALUES ('0f620779-316c-4d71-98e4-4f5427e02f9c', 'f87cd35c-83c0-4d54-9b97-986085da663a', 'https://astro.build/docs/', 'd35198a369d8d0712c3ea36c65e47a4c5a16c84ae79497c33f0344f2f4fde405', 'Astro Docs', 'Build faster websites with Astro.', 'https://www.google.com/s2/favicons?domain=astro.build&sz=64', 7, '2026-03-02T22:56:51.040Z', '2026-03-02T22:56:51.040Z');
INSERT INTO bookmark_tag (bookmark_id, tag_id, created_at) VALUES ('0f620779-316c-4d71-98e4-4f5427e02f9c', 'f0d295b4-2c45-4686-a910-6a87c81f445d', '2026-03-02T22:56:51.040Z');
INSERT INTO bookmark_tag (bookmark_id, tag_id, created_at) VALUES ('0f620779-316c-4d71-98e4-4f5427e02f9c', 'b4162455-0b3f-4d3f-974e-6dc01bc923e9', '2026-03-02T22:56:51.040Z');

INSERT INTO bookmark (bookmark_id, collection_id, url, url_hash, title, description, favicon, sort, created_at, updated_at) VALUES ('36143e8a-fc72-463f-912f-6f953f6d769d', 'f87cd35c-83c0-4d54-9b97-986085da663a', 'https://svelte.dev/docs', '0cb2fe361425d872be2733200dac8f3c9c8fbe468447e53015d070b28711a6c9', 'Svelte Docs', 'Cybernetically enhanced web apps.', 'https://www.google.com/s2/favicons?domain=svelte.dev&sz=64', 8, '2026-03-02T23:56:51.040Z', '2026-03-02T23:56:51.040Z');
INSERT INTO bookmark_tag (bookmark_id, tag_id, created_at) VALUES ('36143e8a-fc72-463f-912f-6f953f6d769d', 'f0d295b4-2c45-4686-a910-6a87c81f445d', '2026-03-02T23:56:51.040Z');
INSERT INTO bookmark_tag (bookmark_id, tag_id, created_at) VALUES ('36143e8a-fc72-463f-912f-6f953f6d769d', 'b4162455-0b3f-4d3f-974e-6dc01bc923e9', '2026-03-02T23:56:51.040Z');

INSERT INTO bookmark (bookmark_id, collection_id, url, url_hash, title, description, favicon, sort, created_at, updated_at) VALUES ('8cc4bb63-455d-4ea7-a566-f2060927a633', 'e5cca972-5fa7-45b1-8a8c-9d50fbefba38', 'https://react.dev', '78414a9e632bb9931c677bcb0cc6109ccdf42597f667cd032345b48110b94203', 'React – The library for web and native UIs', 'Official React documentation.', 'https://www.google.com/s2/favicons?domain=react.dev&sz=64', 9, '2026-03-03T00:56:51.040Z', '2026-03-03T00:56:51.040Z');
INSERT INTO bookmark_tag (bookmark_id, tag_id, created_at) VALUES ('8cc4bb63-455d-4ea7-a566-f2060927a633', 'fd222bff-d60c-460a-b527-876c39f9f471', '2026-03-03T00:56:51.040Z');
INSERT INTO bookmark_tag (bookmark_id, tag_id, created_at) VALUES ('8cc4bb63-455d-4ea7-a566-f2060927a633', 'b4162455-0b3f-4d3f-974e-6dc01bc923e9', '2026-03-03T00:56:51.040Z');
INSERT INTO bookmark_tag (bookmark_id, tag_id, created_at) VALUES ('8cc4bb63-455d-4ea7-a566-f2060927a633', 'f0d295b4-2c45-4686-a910-6a87c81f445d', '2026-03-03T00:56:51.040Z');

INSERT INTO bookmark (bookmark_id, collection_id, url, url_hash, title, description, favicon, sort, created_at, updated_at) VALUES ('a088f80e-963c-427e-84b1-ed6534b55726', 'e5cca972-5fa7-45b1-8a8c-9d50fbefba38', 'https://tanstack.com/query/latest/docs/framework/react/overview', '01b193f11deaae875bd45a4101b8d8034a9eb3a456830e337475158b0855bbe2', 'TanStack Query – React Query Overview', 'Powerful asynchronous state management for React.', 'https://www.google.com/s2/favicons?domain=tanstack.com&sz=64', 10, '2026-03-03T01:56:51.040Z', '2026-03-03T01:56:51.040Z');
INSERT INTO bookmark_tag (bookmark_id, tag_id, created_at) VALUES ('a088f80e-963c-427e-84b1-ed6534b55726', 'fd222bff-d60c-460a-b527-876c39f9f471', '2026-03-03T01:56:51.040Z');
INSERT INTO bookmark_tag (bookmark_id, tag_id, created_at) VALUES ('a088f80e-963c-427e-84b1-ed6534b55726', 'b4162455-0b3f-4d3f-974e-6dc01bc923e9', '2026-03-03T01:56:51.040Z');
INSERT INTO bookmark_tag (bookmark_id, tag_id, created_at) VALUES ('a088f80e-963c-427e-84b1-ed6534b55726', 'f0d295b4-2c45-4686-a910-6a87c81f445d', '2026-03-03T01:56:51.040Z');

INSERT INTO bookmark (bookmark_id, collection_id, url, url_hash, title, description, favicon, sort, created_at, updated_at) VALUES ('f6dab8aa-7f6c-4e71-9525-301bc85905e0', 'e5cca972-5fa7-45b1-8a8c-9d50fbefba38', 'https://tanstack.com/table/latest', '4f4aa8f773959b78e4d835d865fab097fd22358dceb481df7e2140f56d674d6d', 'TanStack Table', 'Headless UI for building powerful tables & datagrids.', 'https://www.google.com/s2/favicons?domain=tanstack.com&sz=64', 11, '2026-03-03T02:56:51.040Z', '2026-03-03T02:56:51.040Z');
INSERT INTO bookmark_tag (bookmark_id, tag_id, created_at) VALUES ('f6dab8aa-7f6c-4e71-9525-301bc85905e0', 'fd222bff-d60c-460a-b527-876c39f9f471', '2026-03-03T02:56:51.040Z');
INSERT INTO bookmark_tag (bookmark_id, tag_id, created_at) VALUES ('f6dab8aa-7f6c-4e71-9525-301bc85905e0', 'b4162455-0b3f-4d3f-974e-6dc01bc923e9', '2026-03-03T02:56:51.040Z');
INSERT INTO bookmark_tag (bookmark_id, tag_id, created_at) VALUES ('f6dab8aa-7f6c-4e71-9525-301bc85905e0', 'f0d295b4-2c45-4686-a910-6a87c81f445d', '2026-03-03T02:56:51.040Z');

INSERT INTO bookmark (bookmark_id, collection_id, url, url_hash, title, description, favicon, sort, created_at, updated_at) VALUES ('793dc192-5c81-4f8b-b2db-b40b89889de9', 'e5cca972-5fa7-45b1-8a8c-9d50fbefba38', 'https://zustand-demo.pmnd.rs', '6fe45bbe243b5df23b79287b5e29cdbeb665a2eb2ca419168e979f499caeee28', 'Zustand', 'A small, fast and scalable state management solution.', 'https://www.google.com/s2/favicons?domain=zustand-demo.pmnd.rs&sz=64', 12, '2026-03-03T03:56:51.040Z', '2026-03-03T03:56:51.040Z');
INSERT INTO bookmark_tag (bookmark_id, tag_id, created_at) VALUES ('793dc192-5c81-4f8b-b2db-b40b89889de9', 'fd222bff-d60c-460a-b527-876c39f9f471', '2026-03-03T03:56:51.040Z');
INSERT INTO bookmark_tag (bookmark_id, tag_id, created_at) VALUES ('793dc192-5c81-4f8b-b2db-b40b89889de9', 'b4162455-0b3f-4d3f-974e-6dc01bc923e9', '2026-03-03T03:56:51.040Z');

INSERT INTO bookmark (bookmark_id, collection_id, url, url_hash, title, description, favicon, sort, created_at, updated_at) VALUES ('a9346ab1-9964-4d37-96e2-121807d829ed', 'e5cca972-5fa7-45b1-8a8c-9d50fbefba38', 'https://jotai.org', '70bda719ca6c67c348ea316920a282777f6999f5a02fc35346bc1c8eeb053f9f', 'Jotai', 'Atomic approach to React state management.', 'https://www.google.com/s2/favicons?domain=jotai.org&sz=64', 13, '2026-03-03T04:56:51.040Z', '2026-03-03T04:56:51.040Z');
INSERT INTO bookmark_tag (bookmark_id, tag_id, created_at) VALUES ('a9346ab1-9964-4d37-96e2-121807d829ed', 'fd222bff-d60c-460a-b527-876c39f9f471', '2026-03-03T04:56:51.040Z');
INSERT INTO bookmark_tag (bookmark_id, tag_id, created_at) VALUES ('a9346ab1-9964-4d37-96e2-121807d829ed', 'b4162455-0b3f-4d3f-974e-6dc01bc923e9', '2026-03-03T04:56:51.040Z');

INSERT INTO bookmark (bookmark_id, collection_id, url, url_hash, title, description, favicon, sort, created_at, updated_at) VALUES ('99560961-8f0b-4c87-aa58-53e7a8968dec', 'e5cca972-5fa7-45b1-8a8c-9d50fbefba38', 'https://www.framer.com/motion/', '4772ca91de662699e3c419e64797d70775e24bef21e062db7964fadf08516724', 'Framer Motion', 'A production-ready animation library for React.', 'https://www.google.com/s2/favicons?domain=www.framer.com&sz=64', 14, '2026-03-03T05:56:51.040Z', '2026-03-03T05:56:51.040Z');
INSERT INTO bookmark_tag (bookmark_id, tag_id, created_at) VALUES ('99560961-8f0b-4c87-aa58-53e7a8968dec', 'fd222bff-d60c-460a-b527-876c39f9f471', '2026-03-03T05:56:51.040Z');
INSERT INTO bookmark_tag (bookmark_id, tag_id, created_at) VALUES ('99560961-8f0b-4c87-aa58-53e7a8968dec', 'f0d295b4-2c45-4686-a910-6a87c81f445d', '2026-03-03T05:56:51.040Z');
INSERT INTO bookmark_tag (bookmark_id, tag_id, created_at) VALUES ('99560961-8f0b-4c87-aa58-53e7a8968dec', 'bc3a4b04-a3ff-4826-9190-305a4152a925', '2026-03-03T05:56:51.040Z');

INSERT INTO bookmark (bookmark_id, collection_id, url, url_hash, title, description, favicon, sort, created_at, updated_at) VALUES ('355faeb4-f208-49ad-9c99-653d4a8500d7', 'e5cca972-5fa7-45b1-8a8c-9d50fbefba38', 'https://react-hook-form.com', '5c13beffc34b720b89db2f00eef050564b07293102015c004d7b8462b75df2d6', 'React Hook Form', 'Performant, flexible forms with easy validation.', 'https://www.google.com/s2/favicons?domain=react-hook-form.com&sz=64', 15, '2026-03-03T06:56:51.040Z', '2026-03-03T06:56:51.040Z');
INSERT INTO bookmark_tag (bookmark_id, tag_id, created_at) VALUES ('355faeb4-f208-49ad-9c99-653d4a8500d7', 'fd222bff-d60c-460a-b527-876c39f9f471', '2026-03-03T06:56:51.040Z');
INSERT INTO bookmark_tag (bookmark_id, tag_id, created_at) VALUES ('355faeb4-f208-49ad-9c99-653d4a8500d7', 'f0d295b4-2c45-4686-a910-6a87c81f445d', '2026-03-03T06:56:51.040Z');

INSERT INTO bookmark (bookmark_id, collection_id, url, url_hash, title, description, favicon, sort, created_at, updated_at) VALUES ('ea87615b-ec4f-4dcb-9631-7041bd0a1862', 'e625cf5a-873e-4ff5-9e0a-08c4579b5ffd', 'https://tailwindcss.com/docs', '310b3e71be09852df4d88b3cf4900e6a2e01da009f9a98c476f606fc48e2bbc7', 'Tailwind CSS Documentation', 'Utility-first CSS framework documentation.', 'https://www.google.com/s2/favicons?domain=tailwindcss.com&sz=64', 16, '2026-03-03T07:56:51.040Z', '2026-03-03T07:56:51.040Z');
INSERT INTO bookmark_tag (bookmark_id, tag_id, created_at) VALUES ('ea87615b-ec4f-4dcb-9631-7041bd0a1862', '73551473-bf33-4d81-a4f5-1ccb11d4d21e', '2026-03-03T07:56:51.040Z');
INSERT INTO bookmark_tag (bookmark_id, tag_id, created_at) VALUES ('ea87615b-ec4f-4dcb-9631-7041bd0a1862', 'bc3a4b04-a3ff-4826-9190-305a4152a925', '2026-03-03T07:56:51.040Z');
INSERT INTO bookmark_tag (bookmark_id, tag_id, created_at) VALUES ('ea87615b-ec4f-4dcb-9631-7041bd0a1862', 'f0d295b4-2c45-4686-a910-6a87c81f445d', '2026-03-03T07:56:51.040Z');

INSERT INTO bookmark (bookmark_id, collection_id, url, url_hash, title, description, favicon, sort, created_at, updated_at) VALUES ('e274733d-742f-4bf1-8fb4-ea105814961a', 'e625cf5a-873e-4ff5-9e0a-08c4579b5ffd', 'https://cssreference.io', '17f44224c3e59e00a1f66d2a852a476ac359f7a18b0eb52902cc3ca0ebdb6d80', 'CSS Reference', 'A free visual guide to CSS.', 'https://www.google.com/s2/favicons?domain=cssreference.io&sz=64', 17, '2026-03-03T08:56:51.040Z', '2026-03-03T08:56:51.040Z');
INSERT INTO bookmark_tag (bookmark_id, tag_id, created_at) VALUES ('e274733d-742f-4bf1-8fb4-ea105814961a', '73551473-bf33-4d81-a4f5-1ccb11d4d21e', '2026-03-03T08:56:51.040Z');
INSERT INTO bookmark_tag (bookmark_id, tag_id, created_at) VALUES ('e274733d-742f-4bf1-8fb4-ea105814961a', '54cc6649-66ea-4b5e-8777-c57047c28966', '2026-03-03T08:56:51.040Z');
INSERT INTO bookmark_tag (bookmark_id, tag_id, created_at) VALUES ('e274733d-742f-4bf1-8fb4-ea105814961a', 'f0d295b4-2c45-4686-a910-6a87c81f445d', '2026-03-03T08:56:51.040Z');

INSERT INTO bookmark (bookmark_id, collection_id, url, url_hash, title, description, favicon, sort, created_at, updated_at) VALUES ('bd80a25a-1c7e-4200-832c-86cc75ef153d', 'e625cf5a-873e-4ff5-9e0a-08c4579b5ffd', 'https://animista.net', '24346d293643641d629605611503e9ab0a2691c63bd5083be2c8ae6743a3419f', 'Animista', 'CSS animations on demand.', 'https://www.google.com/s2/favicons?domain=animista.net&sz=64', 18, '2026-03-03T09:56:51.040Z', '2026-03-03T09:56:51.040Z');
INSERT INTO bookmark_tag (bookmark_id, tag_id, created_at) VALUES ('bd80a25a-1c7e-4200-832c-86cc75ef153d', '73551473-bf33-4d81-a4f5-1ccb11d4d21e', '2026-03-03T09:56:51.040Z');
INSERT INTO bookmark_tag (bookmark_id, tag_id, created_at) VALUES ('bd80a25a-1c7e-4200-832c-86cc75ef153d', 'bc3a4b04-a3ff-4826-9190-305a4152a925', '2026-03-03T09:56:51.040Z');
INSERT INTO bookmark_tag (bookmark_id, tag_id, created_at) VALUES ('bd80a25a-1c7e-4200-832c-86cc75ef153d', 'f0d295b4-2c45-4686-a910-6a87c81f445d', '2026-03-03T09:56:51.040Z');

INSERT INTO bookmark (bookmark_id, collection_id, url, url_hash, title, description, favicon, sort, created_at, updated_at) VALUES ('183ae621-a08a-4614-9cdf-e5f7f42026a6', 'e625cf5a-873e-4ff5-9e0a-08c4579b5ffd', 'https://www.joshwcomeau.com/css/custom-css-reset/', '19b19f2d9c611145ff5eea9be20998a6474351f099c59c184226a95d38a21ad5', 'A Modern CSS Reset', 'Josh Comeau''s thoughtful CSS reset.', 'https://www.google.com/s2/favicons?domain=www.joshwcomeau.com&sz=64', 19, '2026-03-03T10:56:51.040Z', '2026-03-03T10:56:51.040Z');
INSERT INTO bookmark_tag (bookmark_id, tag_id, created_at) VALUES ('183ae621-a08a-4614-9cdf-e5f7f42026a6', '73551473-bf33-4d81-a4f5-1ccb11d4d21e', '2026-03-03T10:56:51.040Z');
INSERT INTO bookmark_tag (bookmark_id, tag_id, created_at) VALUES ('183ae621-a08a-4614-9cdf-e5f7f42026a6', 'f0d295b4-2c45-4686-a910-6a87c81f445d', '2026-03-03T10:56:51.040Z');

INSERT INTO bookmark (bookmark_id, collection_id, url, url_hash, title, description, favicon, sort, created_at, updated_at) VALUES ('fdd79e20-d70d-4968-b363-8601a88058f9', 'e625cf5a-873e-4ff5-9e0a-08c4579b5ffd', 'https://every-layout.dev', 'b9145b5723c7363289e0641d0b2de38b5d09f74851f3d704c545298d34e73fe8', 'Every Layout', 'Relearn how to solve CSS layout problems.', 'https://www.google.com/s2/favicons?domain=every-layout.dev&sz=64', 20, '2026-03-03T11:56:51.040Z', '2026-03-03T11:56:51.040Z');
INSERT INTO bookmark_tag (bookmark_id, tag_id, created_at) VALUES ('fdd79e20-d70d-4968-b363-8601a88058f9', '73551473-bf33-4d81-a4f5-1ccb11d4d21e', '2026-03-03T11:56:51.040Z');
INSERT INTO bookmark_tag (bookmark_id, tag_id, created_at) VALUES ('fdd79e20-d70d-4968-b363-8601a88058f9', 'bc3a4b04-a3ff-4826-9190-305a4152a925', '2026-03-03T11:56:51.040Z');
INSERT INTO bookmark_tag (bookmark_id, tag_id, created_at) VALUES ('fdd79e20-d70d-4968-b363-8601a88058f9', 'f0d295b4-2c45-4686-a910-6a87c81f445d', '2026-03-03T11:56:51.040Z');

INSERT INTO bookmark (bookmark_id, collection_id, url, url_hash, title, description, favicon, sort, created_at, updated_at) VALUES ('bea3b46b-912b-4b51-9598-8c157a8dbf0f', 'e625cf5a-873e-4ff5-9e0a-08c4579b5ffd', 'https://open-props.style', '2319df767288308aebf8d99267292fa0c37802135e1288c690a811b9b957e28a', 'Open Props', 'Supercharged CSS variables.', 'https://www.google.com/s2/favicons?domain=open-props.style&sz=64', 21, '2026-03-03T12:56:51.040Z', '2026-03-03T12:56:51.040Z');
INSERT INTO bookmark_tag (bookmark_id, tag_id, created_at) VALUES ('bea3b46b-912b-4b51-9598-8c157a8dbf0f', '73551473-bf33-4d81-a4f5-1ccb11d4d21e', '2026-03-03T12:56:51.040Z');
INSERT INTO bookmark_tag (bookmark_id, tag_id, created_at) VALUES ('bea3b46b-912b-4b51-9598-8c157a8dbf0f', 'bc3a4b04-a3ff-4826-9190-305a4152a925', '2026-03-03T12:56:51.040Z');

INSERT INTO bookmark (bookmark_id, collection_id, url, url_hash, title, description, favicon, sort, created_at, updated_at) VALUES ('66a00621-f44b-458c-af91-5e1dc85ac111', '724133bd-1ddc-4f84-9574-7df730795d30', 'https://nodejs.org/en/docs', 'd799af7ef698c0445db53fea7618793d4dcdce14f40132c22c1769a7d3a0c29e', 'Node.js Documentation', 'Official Node.js API reference.', 'https://www.google.com/s2/favicons?domain=nodejs.org&sz=64', 22, '2026-03-03T13:56:51.040Z', '2026-03-03T13:56:51.040Z');
INSERT INTO bookmark_tag (bookmark_id, tag_id, created_at) VALUES ('66a00621-f44b-458c-af91-5e1dc85ac111', 'b4162455-0b3f-4d3f-974e-6dc01bc923e9', '2026-03-03T13:56:51.040Z');
INSERT INTO bookmark_tag (bookmark_id, tag_id, created_at) VALUES ('66a00621-f44b-458c-af91-5e1dc85ac111', 'ded27133-d30e-4451-8caf-f09f10df5882', '2026-03-03T13:56:51.040Z');
INSERT INTO bookmark_tag (bookmark_id, tag_id, created_at) VALUES ('66a00621-f44b-458c-af91-5e1dc85ac111', '54cc6649-66ea-4b5e-8777-c57047c28966', '2026-03-03T13:56:51.040Z');

INSERT INTO bookmark (bookmark_id, collection_id, url, url_hash, title, description, favicon, sort, created_at, updated_at) VALUES ('b7a6f4a6-5bb4-491a-b268-7bf122e897b3', '724133bd-1ddc-4f84-9574-7df730795d30', 'https://bun.sh/docs', '0e28dbc96a4523ff20ca8c5b21ba9c0c1a06fdcdf388fa45998beddbda8dc7b6', 'Bun Documentation', 'Bun is a fast JavaScript runtime.', 'https://www.google.com/s2/favicons?domain=bun.sh&sz=64', 23, '2026-03-03T14:56:51.040Z', '2026-03-03T14:56:51.040Z');
INSERT INTO bookmark_tag (bookmark_id, tag_id, created_at) VALUES ('b7a6f4a6-5bb4-491a-b268-7bf122e897b3', 'b4162455-0b3f-4d3f-974e-6dc01bc923e9', '2026-03-03T14:56:51.040Z');
INSERT INTO bookmark_tag (bookmark_id, tag_id, created_at) VALUES ('b7a6f4a6-5bb4-491a-b268-7bf122e897b3', 'ded27133-d30e-4451-8caf-f09f10df5882', '2026-03-03T14:56:51.040Z');
INSERT INTO bookmark_tag (bookmark_id, tag_id, created_at) VALUES ('b7a6f4a6-5bb4-491a-b268-7bf122e897b3', '30534ea6-1332-4fe1-99e2-246f0627fc82', '2026-03-03T14:56:51.040Z');

INSERT INTO bookmark (bookmark_id, collection_id, url, url_hash, title, description, favicon, sort, created_at, updated_at) VALUES ('22e64569-c5b3-4eb2-b223-6dae703a67d1', '724133bd-1ddc-4f84-9574-7df730795d30', 'https://hono.dev', 'c7c20bcfb38c17e5b4effc05576b8c51de7eac31da577569f206768f377bf310', 'Hono – Web framework for the Edges', 'Small, simple, and ultrafast web framework.', 'https://www.google.com/s2/favicons?domain=hono.dev&sz=64', 24, '2026-03-03T15:56:51.040Z', '2026-03-03T15:56:51.040Z');
INSERT INTO bookmark_tag (bookmark_id, tag_id, created_at) VALUES ('22e64569-c5b3-4eb2-b223-6dae703a67d1', '725711ff-e983-47d9-8ae2-c77459f56a77', '2026-03-03T15:56:51.040Z');
INSERT INTO bookmark_tag (bookmark_id, tag_id, created_at) VALUES ('22e64569-c5b3-4eb2-b223-6dae703a67d1', 'ded27133-d30e-4451-8caf-f09f10df5882', '2026-03-03T15:56:51.040Z');

INSERT INTO bookmark (bookmark_id, collection_id, url, url_hash, title, description, favicon, sort, created_at, updated_at) VALUES ('f71511fc-95ab-4374-ab85-7000445e15a0', '724133bd-1ddc-4f84-9574-7df730795d30', 'https://fastify.dev/docs/latest/', '7183b94d342a3f44b5ddc57816e61a9cc231eda5ca198b209cfc1cf77327919e', 'Fastify Documentation', 'Fast and low overhead web framework for Node.js.', 'https://www.google.com/s2/favicons?domain=fastify.dev&sz=64', 25, '2026-03-03T16:56:51.040Z', '2026-03-03T16:56:51.040Z');
INSERT INTO bookmark_tag (bookmark_id, tag_id, created_at) VALUES ('f71511fc-95ab-4374-ab85-7000445e15a0', 'b4162455-0b3f-4d3f-974e-6dc01bc923e9', '2026-03-03T16:56:51.040Z');
INSERT INTO bookmark_tag (bookmark_id, tag_id, created_at) VALUES ('f71511fc-95ab-4374-ab85-7000445e15a0', 'ded27133-d30e-4451-8caf-f09f10df5882', '2026-03-03T16:56:51.040Z');

INSERT INTO bookmark (bookmark_id, collection_id, url, url_hash, title, description, favicon, sort, created_at, updated_at) VALUES ('c70201b4-b3b4-4bf7-bcb3-e45543359747', '724133bd-1ddc-4f84-9574-7df730795d30', 'https://trpc.io/docs', '09d02941f6d6f8cb736583088cea5677057b28f38e7b8f3fd9dc09ce591b8827', 'tRPC | Documentation', 'End-to-end typesafe APIs made easy.', 'https://www.google.com/s2/favicons?domain=trpc.io&sz=64', 26, '2026-03-03T17:56:51.040Z', '2026-03-03T17:56:51.040Z');
INSERT INTO bookmark_tag (bookmark_id, tag_id, created_at) VALUES ('c70201b4-b3b4-4bf7-bcb3-e45543359747', '725711ff-e983-47d9-8ae2-c77459f56a77', '2026-03-03T17:56:51.040Z');
INSERT INTO bookmark_tag (bookmark_id, tag_id, created_at) VALUES ('c70201b4-b3b4-4bf7-bcb3-e45543359747', 'ded27133-d30e-4451-8caf-f09f10df5882', '2026-03-03T17:56:51.040Z');
INSERT INTO bookmark_tag (bookmark_id, tag_id, created_at) VALUES ('c70201b4-b3b4-4bf7-bcb3-e45543359747', 'f0d295b4-2c45-4686-a910-6a87c81f445d', '2026-03-03T17:56:51.040Z');

INSERT INTO bookmark (bookmark_id, collection_id, url, url_hash, title, description, favicon, sort, created_at, updated_at) VALUES ('aab5d9bf-9ff1-48d4-9dd3-9b59263f1544', '724133bd-1ddc-4f84-9574-7df730795d30', 'https://www.prisma.io/docs', '02176252ccb346c214482e4d56eeeb7ec14f1752b2e4298757a5695d750c2bdc', 'Prisma Documentation', 'Next-generation Node.js and TypeScript ORM.', 'https://www.google.com/s2/favicons?domain=www.prisma.io&sz=64', 27, '2026-03-03T18:56:51.040Z', '2026-03-03T18:56:51.040Z');
INSERT INTO bookmark_tag (bookmark_id, tag_id, created_at) VALUES ('aab5d9bf-9ff1-48d4-9dd3-9b59263f1544', '725711ff-e983-47d9-8ae2-c77459f56a77', '2026-03-03T18:56:51.040Z');
INSERT INTO bookmark_tag (bookmark_id, tag_id, created_at) VALUES ('aab5d9bf-9ff1-48d4-9dd3-9b59263f1544', 'ded27133-d30e-4451-8caf-f09f10df5882', '2026-03-03T18:56:51.040Z');
INSERT INTO bookmark_tag (bookmark_id, tag_id, created_at) VALUES ('aab5d9bf-9ff1-48d4-9dd3-9b59263f1544', 'e1730a0d-2fc9-4de1-a80b-e444c580f0a9', '2026-03-03T18:56:51.040Z');

INSERT INTO bookmark (bookmark_id, collection_id, url, url_hash, title, description, favicon, sort, created_at, updated_at) VALUES ('1fb49b49-33d8-4ab7-b22d-b17df6f9afc2', '724133bd-1ddc-4f84-9574-7df730795d30', 'https://socket.io/docs/v4/', '8d247f0c4db7bff41c6e5400a11cb81164ddff76b7383fd37a3effb12b7e03c0', 'Socket.IO Documentation', 'Bidirectional event-based communication library.', 'https://www.google.com/s2/favicons?domain=socket.io&sz=64', 28, '2026-03-03T19:56:51.040Z', '2026-03-03T19:56:51.040Z');
INSERT INTO bookmark_tag (bookmark_id, tag_id, created_at) VALUES ('1fb49b49-33d8-4ab7-b22d-b17df6f9afc2', 'b4162455-0b3f-4d3f-974e-6dc01bc923e9', '2026-03-03T19:56:51.040Z');
INSERT INTO bookmark_tag (bookmark_id, tag_id, created_at) VALUES ('1fb49b49-33d8-4ab7-b22d-b17df6f9afc2', 'ded27133-d30e-4451-8caf-f09f10df5882', '2026-03-03T19:56:51.040Z');
INSERT INTO bookmark_tag (bookmark_id, tag_id, created_at) VALUES ('1fb49b49-33d8-4ab7-b22d-b17df6f9afc2', 'f0d295b4-2c45-4686-a910-6a87c81f445d', '2026-03-03T19:56:51.040Z');

INSERT INTO bookmark (bookmark_id, collection_id, url, url_hash, title, description, favicon, sort, created_at, updated_at) VALUES ('48c0a1c7-024d-45dc-a0e2-f97150333fdf', '724133bd-1ddc-4f84-9574-7df730795d30', 'https://graphql.org/learn/', 'cadaa6343ad2748670d23121fd8e5eca6538a5aef91c3bd07173a7adadd5ce18', 'GraphQL | Learn', 'Introduction to GraphQL.', 'https://www.google.com/s2/favicons?domain=graphql.org&sz=64', 29, '2026-03-03T20:56:51.040Z', '2026-03-03T20:56:51.040Z');
INSERT INTO bookmark_tag (bookmark_id, tag_id, created_at) VALUES ('48c0a1c7-024d-45dc-a0e2-f97150333fdf', 'ded27133-d30e-4451-8caf-f09f10df5882', '2026-03-03T20:56:51.040Z');
INSERT INTO bookmark_tag (bookmark_id, tag_id, created_at) VALUES ('48c0a1c7-024d-45dc-a0e2-f97150333fdf', 'f0d295b4-2c45-4686-a910-6a87c81f445d', '2026-03-03T20:56:51.040Z');
INSERT INTO bookmark_tag (bookmark_id, tag_id, created_at) VALUES ('48c0a1c7-024d-45dc-a0e2-f97150333fdf', '54cc6649-66ea-4b5e-8777-c57047c28966', '2026-03-03T20:56:51.040Z');

INSERT INTO bookmark (bookmark_id, collection_id, url, url_hash, title, description, favicon, sort, created_at, updated_at) VALUES ('32145689-d782-47b9-af1d-431f575571bb', '86977f49-c693-4a0f-830f-eb1f48a7059a', 'https://www.postgresql.org/docs/current/', '6772c859f6f86a1bdc81ad0abc6822c69bbbae758db9a8df19c763e88541f092', 'PostgreSQL Documentation', 'Official PostgreSQL documentation.', 'https://www.google.com/s2/favicons?domain=www.postgresql.org&sz=64', 30, '2026-03-03T21:56:51.040Z', '2026-03-03T21:56:51.040Z');
INSERT INTO bookmark_tag (bookmark_id, tag_id, created_at) VALUES ('32145689-d782-47b9-af1d-431f575571bb', 'e1730a0d-2fc9-4de1-a80b-e444c580f0a9', '2026-03-03T21:56:51.040Z');
INSERT INTO bookmark_tag (bookmark_id, tag_id, created_at) VALUES ('32145689-d782-47b9-af1d-431f575571bb', 'ded27133-d30e-4451-8caf-f09f10df5882', '2026-03-03T21:56:51.040Z');
INSERT INTO bookmark_tag (bookmark_id, tag_id, created_at) VALUES ('32145689-d782-47b9-af1d-431f575571bb', '54cc6649-66ea-4b5e-8777-c57047c28966', '2026-03-03T21:56:51.040Z');

INSERT INTO bookmark (bookmark_id, collection_id, url, url_hash, title, description, favicon, sort, created_at, updated_at) VALUES ('702ea25b-f514-495a-aa7b-adb49803a1b1', '86977f49-c693-4a0f-830f-eb1f48a7059a', 'https://redis.io/docs/', 'cb500770a8aeebe713add299c318914f5c2a535c853a1c30859f63028091abc4', 'Redis Documentation', 'In-memory data structure store documentation.', 'https://www.google.com/s2/favicons?domain=redis.io&sz=64', 31, '2026-03-03T22:56:51.040Z', '2026-03-03T22:56:51.040Z');
INSERT INTO bookmark_tag (bookmark_id, tag_id, created_at) VALUES ('702ea25b-f514-495a-aa7b-adb49803a1b1', 'e1730a0d-2fc9-4de1-a80b-e444c580f0a9', '2026-03-03T22:56:51.040Z');
INSERT INTO bookmark_tag (bookmark_id, tag_id, created_at) VALUES ('702ea25b-f514-495a-aa7b-adb49803a1b1', 'ded27133-d30e-4451-8caf-f09f10df5882', '2026-03-03T22:56:51.040Z');

INSERT INTO bookmark (bookmark_id, collection_id, url, url_hash, title, description, favicon, sort, created_at, updated_at) VALUES ('1294d7ef-28d6-479d-85b4-f15a3fb238c1', '86977f49-c693-4a0f-830f-eb1f48a7059a', 'https://www.mongodb.com/docs/', 'e51a4cf865c0a60f48d2b11e1cce4007d8602530ac657fec82218b23c68c81d0', 'MongoDB Documentation', 'Official MongoDB documentation.', 'https://www.google.com/s2/favicons?domain=www.mongodb.com&sz=64', 32, '2026-03-03T23:56:51.040Z', '2026-03-03T23:56:51.040Z');
INSERT INTO bookmark_tag (bookmark_id, tag_id, created_at) VALUES ('1294d7ef-28d6-479d-85b4-f15a3fb238c1', 'e1730a0d-2fc9-4de1-a80b-e444c580f0a9', '2026-03-03T23:56:51.040Z');
INSERT INTO bookmark_tag (bookmark_id, tag_id, created_at) VALUES ('1294d7ef-28d6-479d-85b4-f15a3fb238c1', 'ded27133-d30e-4451-8caf-f09f10df5882', '2026-03-03T23:56:51.040Z');

INSERT INTO bookmark (bookmark_id, collection_id, url, url_hash, title, description, favicon, sort, created_at, updated_at) VALUES ('7ed40384-2765-4c05-bb43-e38514a7f044', '86977f49-c693-4a0f-830f-eb1f48a7059a', 'https://sqlite.org/docs.html', '5ea2568dac57430d9fa480a4c53f2abe9de1c565a94b539e91df37de00550942', 'SQLite Documentation', 'Self-contained, high-reliability SQL database engine.', 'https://www.google.com/s2/favicons?domain=sqlite.org&sz=64', 33, '2026-03-04T00:56:51.040Z', '2026-03-04T00:56:51.040Z');
INSERT INTO bookmark_tag (bookmark_id, tag_id, created_at) VALUES ('7ed40384-2765-4c05-bb43-e38514a7f044', 'e1730a0d-2fc9-4de1-a80b-e444c580f0a9', '2026-03-04T00:56:51.040Z');
INSERT INTO bookmark_tag (bookmark_id, tag_id, created_at) VALUES ('7ed40384-2765-4c05-bb43-e38514a7f044', 'ded27133-d30e-4451-8caf-f09f10df5882', '2026-03-04T00:56:51.040Z');
INSERT INTO bookmark_tag (bookmark_id, tag_id, created_at) VALUES ('7ed40384-2765-4c05-bb43-e38514a7f044', '54cc6649-66ea-4b5e-8777-c57047c28966', '2026-03-04T00:56:51.040Z');

INSERT INTO bookmark (bookmark_id, collection_id, url, url_hash, title, description, favicon, sort, created_at, updated_at) VALUES ('e6ef0234-93f9-4293-ac47-ee499085196c', '86977f49-c693-4a0f-830f-eb1f48a7059a', 'https://turso.tech/docs', '4fad63a92793b8fce26abfa567bbdf58e44d0d22fc085f703a6784b66228fbe7', 'Turso Documentation', 'SQLite for production, at the edge.', 'https://www.google.com/s2/favicons?domain=turso.tech&sz=64', 34, '2026-03-04T01:56:51.040Z', '2026-03-04T01:56:51.040Z');
INSERT INTO bookmark_tag (bookmark_id, tag_id, created_at) VALUES ('e6ef0234-93f9-4293-ac47-ee499085196c', 'e1730a0d-2fc9-4de1-a80b-e444c580f0a9', '2026-03-04T01:56:51.040Z');
INSERT INTO bookmark_tag (bookmark_id, tag_id, created_at) VALUES ('e6ef0234-93f9-4293-ac47-ee499085196c', 'ded27133-d30e-4451-8caf-f09f10df5882', '2026-03-04T01:56:51.040Z');
INSERT INTO bookmark_tag (bookmark_id, tag_id, created_at) VALUES ('e6ef0234-93f9-4293-ac47-ee499085196c', '09973018-4a13-4370-b2d4-4924666e9bfc', '2026-03-04T01:56:51.040Z');

INSERT INTO bookmark (bookmark_id, collection_id, url, url_hash, title, description, favicon, sort, created_at, updated_at) VALUES ('08afd483-12ed-41d5-9db0-fe8287a07b56', '81c6b8ff-d186-47a6-b198-ade650537fab', 'https://www.figma.com/best-practices/', '092de48719910fd36fe8e1179113d409347dd42079ae79b9a7f92debb7ec0751', 'Figma Best Practices', 'Design system and component best practices in Figma.', 'https://www.google.com/s2/favicons?domain=www.figma.com&sz=64', 35, '2026-03-04T02:56:51.040Z', '2026-03-04T02:56:51.040Z');
INSERT INTO bookmark_tag (bookmark_id, tag_id, created_at) VALUES ('08afd483-12ed-41d5-9db0-fe8287a07b56', 'bc3a4b04-a3ff-4826-9190-305a4152a925', '2026-03-04T02:56:51.040Z');
INSERT INTO bookmark_tag (bookmark_id, tag_id, created_at) VALUES ('08afd483-12ed-41d5-9db0-fe8287a07b56', '9ab4e13f-17ab-4d12-9ca0-83e2aab6d03e', '2026-03-04T02:56:51.040Z');

INSERT INTO bookmark (bookmark_id, collection_id, url, url_hash, title, description, favicon, sort, created_at, updated_at) VALUES ('df0ff83b-0f33-4c9f-b113-ef1f664808d1', '81c6b8ff-d186-47a6-b198-ade650537fab', 'https://www.refactoringui.com', '8bff0e6f09ad60765fffff12c129d2d22e502e168b0feebcfa29a13279894cb9', 'Refactoring UI', 'Learn to design from a developer''s perspective.', 'https://www.google.com/s2/favicons?domain=www.refactoringui.com&sz=64', 36, '2026-03-04T03:56:51.040Z', '2026-03-04T03:56:51.040Z');
INSERT INTO bookmark_tag (bookmark_id, tag_id, created_at) VALUES ('df0ff83b-0f33-4c9f-b113-ef1f664808d1', 'bc3a4b04-a3ff-4826-9190-305a4152a925', '2026-03-04T03:56:51.040Z');
INSERT INTO bookmark_tag (bookmark_id, tag_id, created_at) VALUES ('df0ff83b-0f33-4c9f-b113-ef1f664808d1', '9ab4e13f-17ab-4d12-9ca0-83e2aab6d03e', '2026-03-04T03:56:51.040Z');

INSERT INTO bookmark (bookmark_id, collection_id, url, url_hash, title, description, favicon, sort, created_at, updated_at) VALUES ('3c2f556a-74ae-4f5b-8fa6-28f6a14ccd6b', '81c6b8ff-d186-47a6-b198-ade650537fab', 'https://inclusive-components.design', '5710bbeac7b935f6fa1bd65efcb1a551b218e2be5d532c00082d408c87a618c5', 'Inclusive Components', 'A pattern library for accessible UI.', 'https://www.google.com/s2/favicons?domain=inclusive-components.design&sz=64', 37, '2026-03-04T04:56:51.040Z', '2026-03-04T04:56:51.040Z');
INSERT INTO bookmark_tag (bookmark_id, tag_id, created_at) VALUES ('3c2f556a-74ae-4f5b-8fa6-28f6a14ccd6b', 'bc3a4b04-a3ff-4826-9190-305a4152a925', '2026-03-04T04:56:51.040Z');
INSERT INTO bookmark_tag (bookmark_id, tag_id, created_at) VALUES ('3c2f556a-74ae-4f5b-8fa6-28f6a14ccd6b', '9ab4e13f-17ab-4d12-9ca0-83e2aab6d03e', '2026-03-04T04:56:51.040Z');
INSERT INTO bookmark_tag (bookmark_id, tag_id, created_at) VALUES ('3c2f556a-74ae-4f5b-8fa6-28f6a14ccd6b', 'f0d295b4-2c45-4686-a910-6a87c81f445d', '2026-03-04T04:56:51.040Z');

INSERT INTO bookmark (bookmark_id, collection_id, url, url_hash, title, description, favicon, sort, created_at, updated_at) VALUES ('6a0f1c41-5fb7-4698-b93f-207aa5ae6ffc', '81c6b8ff-d186-47a6-b198-ade650537fab', 'https://www.smashingmagazine.com', 'de8a52be8d6c338737e11136641f9570181fa8d4cfefc7b42c2288abd6fef891', 'Smashing Magazine', 'Articles for web designers and developers.', 'https://www.google.com/s2/favicons?domain=www.smashingmagazine.com&sz=64', 38, '2026-03-04T05:56:51.040Z', '2026-03-04T05:56:51.040Z');
INSERT INTO bookmark_tag (bookmark_id, tag_id, created_at) VALUES ('6a0f1c41-5fb7-4698-b93f-207aa5ae6ffc', 'bc3a4b04-a3ff-4826-9190-305a4152a925', '2026-03-04T05:56:51.040Z');
INSERT INTO bookmark_tag (bookmark_id, tag_id, created_at) VALUES ('6a0f1c41-5fb7-4698-b93f-207aa5ae6ffc', 'f0d295b4-2c45-4686-a910-6a87c81f445d', '2026-03-04T05:56:51.040Z');
INSERT INTO bookmark_tag (bookmark_id, tag_id, created_at) VALUES ('6a0f1c41-5fb7-4698-b93f-207aa5ae6ffc', '9ab4e13f-17ab-4d12-9ca0-83e2aab6d03e', '2026-03-04T05:56:51.040Z');

INSERT INTO bookmark (bookmark_id, collection_id, url, url_hash, title, description, favicon, sort, created_at, updated_at) VALUES ('9a488fc8-12bf-4c9f-96b5-34fceb0dc431', '437e9d64-e51c-4deb-8ea1-1e3a8ad8cbd8', 'https://ui.shadcn.com', 'affc29967a7cf0c5137888d6f5757cc59fea80ac8db5e4779de191c3096f684a', 'shadcn/ui', 'Beautifully designed components built with Radix and Tailwind.', 'https://www.google.com/s2/favicons?domain=ui.shadcn.com&sz=64', 39, '2026-03-04T06:56:51.040Z', '2026-03-04T06:56:51.040Z');
INSERT INTO bookmark_tag (bookmark_id, tag_id, created_at) VALUES ('9a488fc8-12bf-4c9f-96b5-34fceb0dc431', 'bc3a4b04-a3ff-4826-9190-305a4152a925', '2026-03-04T06:56:51.040Z');
INSERT INTO bookmark_tag (bookmark_id, tag_id, created_at) VALUES ('9a488fc8-12bf-4c9f-96b5-34fceb0dc431', 'fd222bff-d60c-460a-b527-876c39f9f471', '2026-03-04T06:56:51.040Z');
INSERT INTO bookmark_tag (bookmark_id, tag_id, created_at) VALUES ('9a488fc8-12bf-4c9f-96b5-34fceb0dc431', 'f0d295b4-2c45-4686-a910-6a87c81f445d', '2026-03-04T06:56:51.040Z');

INSERT INTO bookmark (bookmark_id, collection_id, url, url_hash, title, description, favicon, sort, created_at, updated_at) VALUES ('239b7101-499e-49d7-86f2-4854dc66596e', '437e9d64-e51c-4deb-8ea1-1e3a8ad8cbd8', 'https://www.radix-ui.com/primitives/docs/overview/introduction', 'fcc7ade41f566df53a87d40ef28efd4019f03d286205acae14669df4a0a0888e', 'Radix UI Primitives', 'Unstyled, accessible UI components for React.', 'https://www.google.com/s2/favicons?domain=www.radix-ui.com&sz=64', 40, '2026-03-04T07:56:51.040Z', '2026-03-04T07:56:51.040Z');
INSERT INTO bookmark_tag (bookmark_id, tag_id, created_at) VALUES ('239b7101-499e-49d7-86f2-4854dc66596e', 'fd222bff-d60c-460a-b527-876c39f9f471', '2026-03-04T07:56:51.040Z');
INSERT INTO bookmark_tag (bookmark_id, tag_id, created_at) VALUES ('239b7101-499e-49d7-86f2-4854dc66596e', 'bc3a4b04-a3ff-4826-9190-305a4152a925', '2026-03-04T07:56:51.040Z');
INSERT INTO bookmark_tag (bookmark_id, tag_id, created_at) VALUES ('239b7101-499e-49d7-86f2-4854dc66596e', 'f0d295b4-2c45-4686-a910-6a87c81f445d', '2026-03-04T07:56:51.040Z');

INSERT INTO bookmark (bookmark_id, collection_id, url, url_hash, title, description, favicon, sort, created_at, updated_at) VALUES ('d0f004f2-e8e5-443d-a50e-d73f84bf4719', '437e9d64-e51c-4deb-8ea1-1e3a8ad8cbd8', 'https://ark-ui.com', '605667f5eccc7f8da3bc897fa2923e020578ae3195a7f673e21a75bafdb4c5e7', 'Ark UI', 'Headless UI components for your design system.', 'https://www.google.com/s2/favicons?domain=ark-ui.com&sz=64', 41, '2026-03-04T08:56:51.040Z', '2026-03-04T08:56:51.040Z');
INSERT INTO bookmark_tag (bookmark_id, tag_id, created_at) VALUES ('d0f004f2-e8e5-443d-a50e-d73f84bf4719', 'bc3a4b04-a3ff-4826-9190-305a4152a925', '2026-03-04T08:56:51.040Z');
INSERT INTO bookmark_tag (bookmark_id, tag_id, created_at) VALUES ('d0f004f2-e8e5-443d-a50e-d73f84bf4719', 'fd222bff-d60c-460a-b527-876c39f9f471', '2026-03-04T08:56:51.040Z');
INSERT INTO bookmark_tag (bookmark_id, tag_id, created_at) VALUES ('d0f004f2-e8e5-443d-a50e-d73f84bf4719', 'f0d295b4-2c45-4686-a910-6a87c81f445d', '2026-03-04T08:56:51.040Z');

INSERT INTO bookmark (bookmark_id, collection_id, url, url_hash, title, description, favicon, sort, created_at, updated_at) VALUES ('f6710012-b022-4ffa-8ae9-69b230709689', '437e9d64-e51c-4deb-8ea1-1e3a8ad8cbd8', 'https://headlessui.com', '3bfbe7e95242a8c2c950aa0791c854f3148d5966d0b4ec14bd28bc1ba3dbe499', 'Headless UI', 'Completely unstyled, accessible UI components.', 'https://www.google.com/s2/favicons?domain=headlessui.com&sz=64', 42, '2026-03-04T09:56:51.040Z', '2026-03-04T09:56:51.040Z');
INSERT INTO bookmark_tag (bookmark_id, tag_id, created_at) VALUES ('f6710012-b022-4ffa-8ae9-69b230709689', 'bc3a4b04-a3ff-4826-9190-305a4152a925', '2026-03-04T09:56:51.040Z');
INSERT INTO bookmark_tag (bookmark_id, tag_id, created_at) VALUES ('f6710012-b022-4ffa-8ae9-69b230709689', 'fd222bff-d60c-460a-b527-876c39f9f471', '2026-03-04T09:56:51.040Z');
INSERT INTO bookmark_tag (bookmark_id, tag_id, created_at) VALUES ('f6710012-b022-4ffa-8ae9-69b230709689', 'f0d295b4-2c45-4686-a910-6a87c81f445d', '2026-03-04T09:56:51.040Z');

INSERT INTO bookmark (bookmark_id, collection_id, url, url_hash, title, description, favicon, sort, created_at, updated_at) VALUES ('8ee2a99e-a658-4f70-bf6f-403824e4335c', '437e9d64-e51c-4deb-8ea1-1e3a8ad8cbd8', 'https://www.base-ui.com', 'b8bf45138c34de713942dc3d0bb71c7057e1cccf7fad85709fd94955dd92ca6c', 'Base UI', 'Unstyled UI components from MUI.', 'https://www.google.com/s2/favicons?domain=www.base-ui.com&sz=64', 43, '2026-03-04T10:56:51.040Z', '2026-03-04T10:56:51.040Z');
INSERT INTO bookmark_tag (bookmark_id, tag_id, created_at) VALUES ('8ee2a99e-a658-4f70-bf6f-403824e4335c', 'bc3a4b04-a3ff-4826-9190-305a4152a925', '2026-03-04T10:56:51.040Z');
INSERT INTO bookmark_tag (bookmark_id, tag_id, created_at) VALUES ('8ee2a99e-a658-4f70-bf6f-403824e4335c', 'fd222bff-d60c-460a-b527-876c39f9f471', '2026-03-04T10:56:51.040Z');
INSERT INTO bookmark_tag (bookmark_id, tag_id, created_at) VALUES ('8ee2a99e-a658-4f70-bf6f-403824e4335c', 'f0d295b4-2c45-4686-a910-6a87c81f445d', '2026-03-04T10:56:51.040Z');

INSERT INTO bookmark (bookmark_id, collection_id, url, url_hash, title, description, favicon, sort, created_at, updated_at) VALUES ('3057f728-1346-44d4-a40c-1051f58e94ee', '437e9d64-e51c-4deb-8ea1-1e3a8ad8cbd8', 'https://lucide.dev', '400401b2ab319f42bb55f90f09f79489a78a1a4433533d6e9c21e12f6e0be808', 'Lucide Icons', 'Beautiful & consistent icon toolkit.', 'https://www.google.com/s2/favicons?domain=lucide.dev&sz=64', 44, '2026-03-04T11:56:51.040Z', '2026-03-04T11:56:51.040Z');
INSERT INTO bookmark_tag (bookmark_id, tag_id, created_at) VALUES ('3057f728-1346-44d4-a40c-1051f58e94ee', 'bc3a4b04-a3ff-4826-9190-305a4152a925', '2026-03-04T11:56:51.040Z');
INSERT INTO bookmark_tag (bookmark_id, tag_id, created_at) VALUES ('3057f728-1346-44d4-a40c-1051f58e94ee', 'f0d295b4-2c45-4686-a910-6a87c81f445d', '2026-03-04T11:56:51.040Z');

INSERT INTO bookmark (bookmark_id, collection_id, url, url_hash, title, description, favicon, sort, created_at, updated_at) VALUES ('2b83bd59-b3da-4738-9ec2-f241f46e7a10', '437e9d64-e51c-4deb-8ea1-1e3a8ad8cbd8', 'https://phosphoricons.com', '49786c86cd13ca05cdcfb1bd4d964cc46d43740ed53505fc056fd58a394ad573', 'Phosphor Icons', 'A flexible icon family for interfaces.', 'https://www.google.com/s2/favicons?domain=phosphoricons.com&sz=64', 45, '2026-03-04T12:56:51.040Z', '2026-03-04T12:56:51.040Z');
INSERT INTO bookmark_tag (bookmark_id, tag_id, created_at) VALUES ('2b83bd59-b3da-4738-9ec2-f241f46e7a10', 'bc3a4b04-a3ff-4826-9190-305a4152a925', '2026-03-04T12:56:51.040Z');
INSERT INTO bookmark_tag (bookmark_id, tag_id, created_at) VALUES ('2b83bd59-b3da-4738-9ec2-f241f46e7a10', 'f0d295b4-2c45-4686-a910-6a87c81f445d', '2026-03-04T12:56:51.040Z');

INSERT INTO bookmark (bookmark_id, collection_id, url, url_hash, title, description, favicon, sort, created_at, updated_at) VALUES ('03b1e884-ef7d-4e19-a7ce-d38b3d6ae08d', 'a4bc2c6c-bddc-4f13-95cc-0df1b5d542fa', 'https://www.deeplearning.ai', '784f05e718d6e177610a70f267023f47df10a00f9a40f44cb98bed6294572402', 'DeepLearning.AI', 'Andrew Ng''s AI education platform.', 'https://www.google.com/s2/favicons?domain=www.deeplearning.ai&sz=64', 46, '2026-03-04T13:56:51.040Z', '2026-03-04T13:56:51.040Z');
INSERT INTO bookmark_tag (bookmark_id, tag_id, created_at) VALUES ('03b1e884-ef7d-4e19-a7ce-d38b3d6ae08d', 'df75a033-e59d-41e9-801c-bf2c80d2001c', '2026-03-04T13:56:51.040Z');
INSERT INTO bookmark_tag (bookmark_id, tag_id, created_at) VALUES ('03b1e884-ef7d-4e19-a7ce-d38b3d6ae08d', 'c9adc85c-ceb5-4316-9e52-0511f34dffdb', '2026-03-04T13:56:51.040Z');

INSERT INTO bookmark (bookmark_id, collection_id, url, url_hash, title, description, favicon, sort, created_at, updated_at) VALUES ('4a02dd92-fe73-4d49-a622-8c0839602d96', 'a4bc2c6c-bddc-4f13-95cc-0df1b5d542fa', 'https://www.promptingguide.ai', 'ad526c4dc8110653e108cc71fecec09e205da458393ba500eaa57675eb1bb3e4', 'Prompt Engineering Guide', 'Comprehensive guide to prompt engineering techniques.', 'https://www.google.com/s2/favicons?domain=www.promptingguide.ai&sz=64', 47, '2026-03-04T14:56:51.040Z', '2026-03-04T14:56:51.040Z');
INSERT INTO bookmark_tag (bookmark_id, tag_id, created_at) VALUES ('4a02dd92-fe73-4d49-a622-8c0839602d96', 'df75a033-e59d-41e9-801c-bf2c80d2001c', '2026-03-04T14:56:51.040Z');
INSERT INTO bookmark_tag (bookmark_id, tag_id, created_at) VALUES ('4a02dd92-fe73-4d49-a622-8c0839602d96', 'c9adc85c-ceb5-4316-9e52-0511f34dffdb', '2026-03-04T14:56:51.040Z');
INSERT INTO bookmark_tag (bookmark_id, tag_id, created_at) VALUES ('4a02dd92-fe73-4d49-a622-8c0839602d96', '54cc6649-66ea-4b5e-8777-c57047c28966', '2026-03-04T14:56:51.040Z');

INSERT INTO bookmark (bookmark_id, collection_id, url, url_hash, title, description, favicon, sort, created_at, updated_at) VALUES ('93697b98-8cf4-4ccb-84cf-4053a30136d5', 'a4bc2c6c-bddc-4f13-95cc-0df1b5d542fa', 'https://ollama.com', '30f11e9a931e165922e10dac0e50c5397e68525b89f074a90b810e8c8c5793f6', 'Ollama', 'Run large language models locally.', 'https://www.google.com/s2/favicons?domain=ollama.com&sz=64', 48, '2026-03-04T15:56:51.040Z', '2026-03-04T15:56:51.040Z');
INSERT INTO bookmark_tag (bookmark_id, tag_id, created_at) VALUES ('93697b98-8cf4-4ccb-84cf-4053a30136d5', 'df75a033-e59d-41e9-801c-bf2c80d2001c', '2026-03-04T15:56:51.040Z');
INSERT INTO bookmark_tag (bookmark_id, tag_id, created_at) VALUES ('93697b98-8cf4-4ccb-84cf-4053a30136d5', '30534ea6-1332-4fe1-99e2-246f0627fc82', '2026-03-04T15:56:51.040Z');
INSERT INTO bookmark_tag (bookmark_id, tag_id, created_at) VALUES ('93697b98-8cf4-4ccb-84cf-4053a30136d5', '1b23c556-0ef8-41dd-85e5-9537315dcd4a', '2026-03-04T15:56:51.040Z');

INSERT INTO bookmark (bookmark_id, collection_id, url, url_hash, title, description, favicon, sort, created_at, updated_at) VALUES ('2dc55dfb-9315-4b91-b3b6-e85809cd50b8', '822f5aaf-69dc-4f27-96f7-93dd0654763d', 'https://arxiv.org/list/cs.LG/recent', '517df67805c9f68398f2877259a4f120d3e8a90038f11ab4ec1e9d557760b8fd', 'arXiv – Machine Learning', 'Latest machine learning research papers.', 'https://www.google.com/s2/favicons?domain=arxiv.org&sz=64', 49, '2026-03-04T16:56:51.040Z', '2026-03-04T16:56:51.040Z');
INSERT INTO bookmark_tag (bookmark_id, tag_id, created_at) VALUES ('2dc55dfb-9315-4b91-b3b6-e85809cd50b8', 'df75a033-e59d-41e9-801c-bf2c80d2001c', '2026-03-04T16:56:51.040Z');
INSERT INTO bookmark_tag (bookmark_id, tag_id, created_at) VALUES ('2dc55dfb-9315-4b91-b3b6-e85809cd50b8', '54cc6649-66ea-4b5e-8777-c57047c28966', '2026-03-04T16:56:51.040Z');

INSERT INTO bookmark (bookmark_id, collection_id, url, url_hash, title, description, favicon, sort, created_at, updated_at) VALUES ('340c6972-7281-48d8-a1ca-7c9725dd50fd', '822f5aaf-69dc-4f27-96f7-93dd0654763d', 'https://paperswithcode.com', '4cc66531379762d7d1be303eb878c3f7fe226dca193d98574d5dda21e2b2adc7', 'Papers With Code', 'Machine learning papers with code implementations.', 'https://www.google.com/s2/favicons?domain=paperswithcode.com&sz=64', 50, '2026-03-04T17:56:51.040Z', '2026-03-04T17:56:51.040Z');
INSERT INTO bookmark_tag (bookmark_id, tag_id, created_at) VALUES ('340c6972-7281-48d8-a1ca-7c9725dd50fd', 'df75a033-e59d-41e9-801c-bf2c80d2001c', '2026-03-04T17:56:51.040Z');
INSERT INTO bookmark_tag (bookmark_id, tag_id, created_at) VALUES ('340c6972-7281-48d8-a1ca-7c9725dd50fd', '1b23c556-0ef8-41dd-85e5-9537315dcd4a', '2026-03-04T17:56:51.040Z');
INSERT INTO bookmark_tag (bookmark_id, tag_id, created_at) VALUES ('340c6972-7281-48d8-a1ca-7c9725dd50fd', '54cc6649-66ea-4b5e-8777-c57047c28966', '2026-03-04T17:56:51.040Z');

INSERT INTO bookmark (bookmark_id, collection_id, url, url_hash, title, description, favicon, sort, created_at, updated_at) VALUES ('99d8f7c3-7a30-4c16-a7bf-aa519883ca66', '822f5aaf-69dc-4f27-96f7-93dd0654763d', 'https://huggingface.co/docs', '358f5bf7441d5ffbb75fc01b70342acf6a2a8e599d063da88f36cd9876bb6197', 'Hugging Face Documentation', 'Docs for transformers, datasets, and the Hub.', 'https://www.google.com/s2/favicons?domain=huggingface.co&sz=64', 51, '2026-03-04T18:56:51.040Z', '2026-03-04T18:56:51.040Z');
INSERT INTO bookmark_tag (bookmark_id, tag_id, created_at) VALUES ('99d8f7c3-7a30-4c16-a7bf-aa519883ca66', 'df75a033-e59d-41e9-801c-bf2c80d2001c', '2026-03-04T18:56:51.040Z');
INSERT INTO bookmark_tag (bookmark_id, tag_id, created_at) VALUES ('99d8f7c3-7a30-4c16-a7bf-aa519883ca66', '9cd45dc7-3bb5-40b7-a220-625998386b88', '2026-03-04T18:56:51.040Z');
INSERT INTO bookmark_tag (bookmark_id, tag_id, created_at) VALUES ('99d8f7c3-7a30-4c16-a7bf-aa519883ca66', '1b23c556-0ef8-41dd-85e5-9537315dcd4a', '2026-03-04T18:56:51.040Z');

INSERT INTO bookmark (bookmark_id, collection_id, url, url_hash, title, description, favicon, sort, created_at, updated_at) VALUES ('1d23714b-bb11-49e2-87bb-f97f830c4c81', '822f5aaf-69dc-4f27-96f7-93dd0654763d', 'https://pytorch.org/docs/stable/index.html', '4987f16f3907f8f5638fff52d758e73cf38638492648fcb643b4674be241a22c', 'PyTorch Documentation', 'Official PyTorch documentation.', 'https://www.google.com/s2/favicons?domain=pytorch.org&sz=64', 52, '2026-03-04T19:56:51.040Z', '2026-03-04T19:56:51.040Z');
INSERT INTO bookmark_tag (bookmark_id, tag_id, created_at) VALUES ('1d23714b-bb11-49e2-87bb-f97f830c4c81', 'df75a033-e59d-41e9-801c-bf2c80d2001c', '2026-03-04T19:56:51.040Z');
INSERT INTO bookmark_tag (bookmark_id, tag_id, created_at) VALUES ('1d23714b-bb11-49e2-87bb-f97f830c4c81', '9cd45dc7-3bb5-40b7-a220-625998386b88', '2026-03-04T19:56:51.040Z');
INSERT INTO bookmark_tag (bookmark_id, tag_id, created_at) VALUES ('1d23714b-bb11-49e2-87bb-f97f830c4c81', '54cc6649-66ea-4b5e-8777-c57047c28966', '2026-03-04T19:56:51.040Z');

INSERT INTO bookmark (bookmark_id, collection_id, url, url_hash, title, description, favicon, sort, created_at, updated_at) VALUES ('ca6ca323-21a8-4902-a2bc-5a6b4f2c28fd', '822f5aaf-69dc-4f27-96f7-93dd0654763d', 'https://www.tensorflow.org/learn', '8a559f03df450992c64d8d9ae52adc73f291f275ad1681a4c11f376df987fd54', 'TensorFlow – Learn ML', 'Tutorials and guides for TensorFlow.', 'https://www.google.com/s2/favicons?domain=www.tensorflow.org&sz=64', 53, '2026-03-04T20:56:51.040Z', '2026-03-04T20:56:51.040Z');
INSERT INTO bookmark_tag (bookmark_id, tag_id, created_at) VALUES ('ca6ca323-21a8-4902-a2bc-5a6b4f2c28fd', 'df75a033-e59d-41e9-801c-bf2c80d2001c', '2026-03-04T20:56:51.040Z');
INSERT INTO bookmark_tag (bookmark_id, tag_id, created_at) VALUES ('ca6ca323-21a8-4902-a2bc-5a6b4f2c28fd', '9cd45dc7-3bb5-40b7-a220-625998386b88', '2026-03-04T20:56:51.040Z');

INSERT INTO bookmark (bookmark_id, collection_id, url, url_hash, title, description, favicon, sort, created_at, updated_at) VALUES ('ecc0f8d6-655b-41f1-b9d9-c1c603e8db02', '31ad1484-cbb9-47b9-8899-c832e2494d68', 'https://platform.openai.com/docs', 'd6e173f76d88063d35eb16fce1fc5ee4eff9eecb271c994c372490135325ea68', 'OpenAI Platform Documentation', 'API reference and guides for OpenAI models.', 'https://www.google.com/s2/favicons?domain=platform.openai.com&sz=64', 54, '2026-03-04T21:56:51.040Z', '2026-03-04T21:56:51.040Z');
INSERT INTO bookmark_tag (bookmark_id, tag_id, created_at) VALUES ('ecc0f8d6-655b-41f1-b9d9-c1c603e8db02', 'df75a033-e59d-41e9-801c-bf2c80d2001c', '2026-03-04T21:56:51.040Z');
INSERT INTO bookmark_tag (bookmark_id, tag_id, created_at) VALUES ('ecc0f8d6-655b-41f1-b9d9-c1c603e8db02', '54cc6649-66ea-4b5e-8777-c57047c28966', '2026-03-04T21:56:51.040Z');
INSERT INTO bookmark_tag (bookmark_id, tag_id, created_at) VALUES ('ecc0f8d6-655b-41f1-b9d9-c1c603e8db02', 'ded27133-d30e-4451-8caf-f09f10df5882', '2026-03-04T21:56:51.040Z');

INSERT INTO bookmark (bookmark_id, collection_id, url, url_hash, title, description, favicon, sort, created_at, updated_at) VALUES ('dcc5fcfd-68cc-4eea-8e1d-7f0d5972fb3c', '31ad1484-cbb9-47b9-8899-c832e2494d68', 'https://docs.anthropic.com', 'd331736a551867b81a10537d257db3008ad7f95905cea84e0e9f912240aec54c', 'Anthropic Claude API Docs', 'Complete documentation for Claude models and APIs.', 'https://www.google.com/s2/favicons?domain=docs.anthropic.com&sz=64', 55, '2026-03-04T22:56:51.040Z', '2026-03-04T22:56:51.040Z');
INSERT INTO bookmark_tag (bookmark_id, tag_id, created_at) VALUES ('dcc5fcfd-68cc-4eea-8e1d-7f0d5972fb3c', 'df75a033-e59d-41e9-801c-bf2c80d2001c', '2026-03-04T22:56:51.040Z');
INSERT INTO bookmark_tag (bookmark_id, tag_id, created_at) VALUES ('dcc5fcfd-68cc-4eea-8e1d-7f0d5972fb3c', '54cc6649-66ea-4b5e-8777-c57047c28966', '2026-03-04T22:56:51.040Z');

INSERT INTO bookmark (bookmark_id, collection_id, url, url_hash, title, description, favicon, sort, created_at, updated_at) VALUES ('979b067c-7d15-40cc-8aa4-6aa9d6fc1557', '31ad1484-cbb9-47b9-8899-c832e2494d68', 'https://mistral.ai/docs', '57cb83b67b8ed42bdecfbc608fea2ffff633731ec3028470e52d5d603d99db2e', 'Mistral AI Documentation', 'Docs for Mistral models and API.', 'https://www.google.com/s2/favicons?domain=mistral.ai&sz=64', 56, '2026-03-04T23:56:51.040Z', '2026-03-04T23:56:51.040Z');
INSERT INTO bookmark_tag (bookmark_id, tag_id, created_at) VALUES ('979b067c-7d15-40cc-8aa4-6aa9d6fc1557', 'df75a033-e59d-41e9-801c-bf2c80d2001c', '2026-03-04T23:56:51.040Z');
INSERT INTO bookmark_tag (bookmark_id, tag_id, created_at) VALUES ('979b067c-7d15-40cc-8aa4-6aa9d6fc1557', '54cc6649-66ea-4b5e-8777-c57047c28966', '2026-03-04T23:56:51.040Z');

INSERT INTO bookmark (bookmark_id, collection_id, url, url_hash, title, description, favicon, sort, created_at, updated_at) VALUES ('05b1f3a3-132a-4a64-a125-2d930c23e880', '31ad1484-cbb9-47b9-8899-c832e2494d68', 'https://vercel.com/blog/introducing-the-vercel-ai-sdk', 'eb674188e4340547b8c86f01b46d9f60e8aab622aff69bcb3f42f389c02842f9', 'Vercel AI SDK', 'Build AI-powered streaming text and chat UIs.', 'https://www.google.com/s2/favicons?domain=vercel.com&sz=64', 57, '2026-03-05T00:56:51.040Z', '2026-03-05T00:56:51.040Z');
INSERT INTO bookmark_tag (bookmark_id, tag_id, created_at) VALUES ('05b1f3a3-132a-4a64-a125-2d930c23e880', 'df75a033-e59d-41e9-801c-bf2c80d2001c', '2026-03-05T00:56:51.040Z');
INSERT INTO bookmark_tag (bookmark_id, tag_id, created_at) VALUES ('05b1f3a3-132a-4a64-a125-2d930c23e880', '725711ff-e983-47d9-8ae2-c77459f56a77', '2026-03-05T00:56:51.040Z');
INSERT INTO bookmark_tag (bookmark_id, tag_id, created_at) VALUES ('05b1f3a3-132a-4a64-a125-2d930c23e880', 'f0d295b4-2c45-4686-a910-6a87c81f445d', '2026-03-05T00:56:51.040Z');

INSERT INTO bookmark (bookmark_id, collection_id, url, url_hash, title, description, favicon, sort, created_at, updated_at) VALUES ('2c3bc922-8905-4a9e-8a49-2465793351a8', '31ad1484-cbb9-47b9-8899-c832e2494d68', 'https://langchain.com/docs', '910a0dc01adccb176461d1e5a124155ba02007377a1afa9582c9eb050b786eae', 'LangChain Documentation', 'Framework for building LLM-powered applications.', 'https://www.google.com/s2/favicons?domain=langchain.com&sz=64', 58, '2026-03-05T01:56:51.040Z', '2026-03-05T01:56:51.040Z');
INSERT INTO bookmark_tag (bookmark_id, tag_id, created_at) VALUES ('2c3bc922-8905-4a9e-8a49-2465793351a8', 'df75a033-e59d-41e9-801c-bf2c80d2001c', '2026-03-05T01:56:51.040Z');
INSERT INTO bookmark_tag (bookmark_id, tag_id, created_at) VALUES ('2c3bc922-8905-4a9e-8a49-2465793351a8', '9cd45dc7-3bb5-40b7-a220-625998386b88', '2026-03-05T01:56:51.040Z');
INSERT INTO bookmark_tag (bookmark_id, tag_id, created_at) VALUES ('2c3bc922-8905-4a9e-8a49-2465793351a8', 'ded27133-d30e-4451-8caf-f09f10df5882', '2026-03-05T01:56:51.040Z');

INSERT INTO bookmark (bookmark_id, collection_id, url, url_hash, title, description, favicon, sort, created_at, updated_at) VALUES ('4e731f1f-a68e-4681-856b-b287127e3c21', '31ad1484-cbb9-47b9-8899-c832e2494d68', 'https://www.llamaindex.ai/docs', 'abf4314347416ac9a9740c61b227a35198fbde622101a5078f87e7e83df558f3', 'LlamaIndex Documentation', 'Data framework for LLM applications.', 'https://www.google.com/s2/favicons?domain=www.llamaindex.ai&sz=64', 59, '2026-03-05T02:56:51.040Z', '2026-03-05T02:56:51.040Z');
INSERT INTO bookmark_tag (bookmark_id, tag_id, created_at) VALUES ('4e731f1f-a68e-4681-856b-b287127e3c21', 'df75a033-e59d-41e9-801c-bf2c80d2001c', '2026-03-05T02:56:51.040Z');
INSERT INTO bookmark_tag (bookmark_id, tag_id, created_at) VALUES ('4e731f1f-a68e-4681-856b-b287127e3c21', '9cd45dc7-3bb5-40b7-a220-625998386b88', '2026-03-05T02:56:51.040Z');
INSERT INTO bookmark_tag (bookmark_id, tag_id, created_at) VALUES ('4e731f1f-a68e-4681-856b-b287127e3c21', 'ded27133-d30e-4451-8caf-f09f10df5882', '2026-03-05T02:56:51.040Z');

INSERT INTO bookmark (bookmark_id, collection_id, url, url_hash, title, description, favicon, sort, created_at, updated_at) VALUES ('121f9319-0b4e-426e-8b1c-f43499cef7eb', '31ad1484-cbb9-47b9-8899-c832e2494d68', 'https://replicate.com', '1727cc913132a098e715918a968ee2dd26fbe5230d4d2f45c4cae66eca65c7f2', 'Replicate', 'Run and fine-tune open-source models in the cloud.', 'https://www.google.com/s2/favicons?domain=replicate.com&sz=64', 60, '2026-03-05T03:56:51.040Z', '2026-03-05T03:56:51.040Z');
INSERT INTO bookmark_tag (bookmark_id, tag_id, created_at) VALUES ('121f9319-0b4e-426e-8b1c-f43499cef7eb', 'df75a033-e59d-41e9-801c-bf2c80d2001c', '2026-03-05T03:56:51.040Z');
INSERT INTO bookmark_tag (bookmark_id, tag_id, created_at) VALUES ('121f9319-0b4e-426e-8b1c-f43499cef7eb', '30534ea6-1332-4fe1-99e2-246f0627fc82', '2026-03-05T03:56:51.040Z');

INSERT INTO bookmark (bookmark_id, collection_id, url, url_hash, title, description, favicon, sort, created_at, updated_at) VALUES ('7d04f5f9-8a74-476e-80d6-91f22c973664', '31ad1484-cbb9-47b9-8899-c832e2494d68', 'https://github.com/openai/openai-cookbook', '0718f8d625f0f102ca2c5bde4aa7e5222bfde60f1c60623eeac7bc66d0bf903d', 'OpenAI Cookbook', 'Examples and guides for using the OpenAI API.', 'https://www.google.com/s2/favicons?domain=github.com&sz=64', 61, '2026-03-05T04:56:51.040Z', '2026-03-05T04:56:51.040Z');
INSERT INTO bookmark_tag (bookmark_id, tag_id, created_at) VALUES ('7d04f5f9-8a74-476e-80d6-91f22c973664', 'df75a033-e59d-41e9-801c-bf2c80d2001c', '2026-03-05T04:56:51.040Z');
INSERT INTO bookmark_tag (bookmark_id, tag_id, created_at) VALUES ('7d04f5f9-8a74-476e-80d6-91f22c973664', '1b23c556-0ef8-41dd-85e5-9537315dcd4a', '2026-03-05T04:56:51.040Z');
INSERT INTO bookmark_tag (bookmark_id, tag_id, created_at) VALUES ('7d04f5f9-8a74-476e-80d6-91f22c973664', 'c9adc85c-ceb5-4316-9e52-0511f34dffdb', '2026-03-05T04:56:51.040Z');

INSERT INTO bookmark (bookmark_id, collection_id, url, url_hash, title, description, favicon, sort, created_at, updated_at) VALUES ('ab88bc2a-b1f9-4a2a-97f9-00598d268740', 'e6b50ea8-306c-4dcd-84c9-7b796e503448', 'https://developers.cloudflare.com', '7edbdb5c913f7b62938b9dde03aa929fd8040fb95492a8c18f0223c3d46fb55e', 'Cloudflare Developer Docs', 'Documentation for Cloudflare Workers, D1, and Pages.', 'https://www.google.com/s2/favicons?domain=developers.cloudflare.com&sz=64', 62, '2026-03-05T05:56:51.040Z', '2026-03-05T05:56:51.040Z');
INSERT INTO bookmark_tag (bookmark_id, tag_id, created_at) VALUES ('ab88bc2a-b1f9-4a2a-97f9-00598d268740', '09973018-4a13-4370-b2d4-4924666e9bfc', '2026-03-05T05:56:51.040Z');
INSERT INTO bookmark_tag (bookmark_id, tag_id, created_at) VALUES ('ab88bc2a-b1f9-4a2a-97f9-00598d268740', 'ded27133-d30e-4451-8caf-f09f10df5882', '2026-03-05T05:56:51.040Z');

INSERT INTO bookmark (bookmark_id, collection_id, url, url_hash, title, description, favicon, sort, created_at, updated_at) VALUES ('2c19e9ea-8611-4bce-959a-4197fafaaf5a', 'e6b50ea8-306c-4dcd-84c9-7b796e503448', 'https://vercel.com/docs', '2b470a6bc8531d60fd6ab870bada2bb5cbc7cad477495694d2b50b57ed949049', 'Vercel Documentation', 'Deploy and scale your web applications.', 'https://www.google.com/s2/favicons?domain=vercel.com&sz=64', 63, '2026-03-05T06:56:51.040Z', '2026-03-05T06:56:51.040Z');
INSERT INTO bookmark_tag (bookmark_id, tag_id, created_at) VALUES ('2c19e9ea-8611-4bce-959a-4197fafaaf5a', '09973018-4a13-4370-b2d4-4924666e9bfc', '2026-03-05T06:56:51.040Z');
INSERT INTO bookmark_tag (bookmark_id, tag_id, created_at) VALUES ('2c19e9ea-8611-4bce-959a-4197fafaaf5a', 'f0d295b4-2c45-4686-a910-6a87c81f445d', '2026-03-05T06:56:51.040Z');

INSERT INTO bookmark (bookmark_id, collection_id, url, url_hash, title, description, favicon, sort, created_at, updated_at) VALUES ('f87e013b-0bcb-4d59-ab47-d7005adc42fa', 'e6b50ea8-306c-4dcd-84c9-7b796e503448', 'https://fly.io/docs/', '4dbf5d8462fe01a1df297a32ff0b7a12d04700dbaabebd3bed7d9d721f356e38', 'Fly.io Documentation', 'Run full-stack apps and databases close to your users.', 'https://www.google.com/s2/favicons?domain=fly.io&sz=64', 64, '2026-03-05T07:56:51.040Z', '2026-03-05T07:56:51.040Z');
INSERT INTO bookmark_tag (bookmark_id, tag_id, created_at) VALUES ('f87e013b-0bcb-4d59-ab47-d7005adc42fa', '09973018-4a13-4370-b2d4-4924666e9bfc', '2026-03-05T07:56:51.040Z');
INSERT INTO bookmark_tag (bookmark_id, tag_id, created_at) VALUES ('f87e013b-0bcb-4d59-ab47-d7005adc42fa', 'ded27133-d30e-4451-8caf-f09f10df5882', '2026-03-05T07:56:51.040Z');

INSERT INTO bookmark (bookmark_id, collection_id, url, url_hash, title, description, favicon, sort, created_at, updated_at) VALUES ('1e6f9252-04df-4e0b-91d1-9519a39e3054', 'e6b50ea8-306c-4dcd-84c9-7b796e503448', 'https://railway.app/docs', '980a6df8dbc0fed71c924f9a50c88b4e57c0f403615512455e2aac4b0c152013', 'Railway Documentation', 'Instant deployments with a focus on developer experience.', 'https://www.google.com/s2/favicons?domain=railway.app&sz=64', 65, '2026-03-05T08:56:51.040Z', '2026-03-05T08:56:51.040Z');
INSERT INTO bookmark_tag (bookmark_id, tag_id, created_at) VALUES ('1e6f9252-04df-4e0b-91d1-9519a39e3054', '09973018-4a13-4370-b2d4-4924666e9bfc', '2026-03-05T08:56:51.040Z');
INSERT INTO bookmark_tag (bookmark_id, tag_id, created_at) VALUES ('1e6f9252-04df-4e0b-91d1-9519a39e3054', '30534ea6-1332-4fe1-99e2-246f0627fc82', '2026-03-05T08:56:51.040Z');

INSERT INTO bookmark (bookmark_id, collection_id, url, url_hash, title, description, favicon, sort, created_at, updated_at) VALUES ('4080dfc3-fed3-4e54-b78b-30f3ee6b8c4c', '0619e72e-1eea-4e6f-bece-a95ae8729379', 'https://aws.amazon.com/documentation/', '8476ca4028d3578a5c8149923ba0741a3ac8bb4cf93b85a75371eeb2ee13cbc2', 'AWS Documentation', 'Technical documentation for Amazon Web Services.', 'https://www.google.com/s2/favicons?domain=aws.amazon.com&sz=64', 66, '2026-03-05T09:56:51.040Z', '2026-03-05T09:56:51.040Z');
INSERT INTO bookmark_tag (bookmark_id, tag_id, created_at) VALUES ('4080dfc3-fed3-4e54-b78b-30f3ee6b8c4c', '09973018-4a13-4370-b2d4-4924666e9bfc', '2026-03-05T09:56:51.040Z');
INSERT INTO bookmark_tag (bookmark_id, tag_id, created_at) VALUES ('4080dfc3-fed3-4e54-b78b-30f3ee6b8c4c', 'ded27133-d30e-4451-8caf-f09f10df5882', '2026-03-05T09:56:51.040Z');
INSERT INTO bookmark_tag (bookmark_id, tag_id, created_at) VALUES ('4080dfc3-fed3-4e54-b78b-30f3ee6b8c4c', '54cc6649-66ea-4b5e-8777-c57047c28966', '2026-03-05T09:56:51.040Z');

INSERT INTO bookmark (bookmark_id, collection_id, url, url_hash, title, description, favicon, sort, created_at, updated_at) VALUES ('ea83db74-fbbd-498e-9409-78934fc6fc7d', '0619e72e-1eea-4e6f-bece-a95ae8729379', 'https://cloud.google.com/docs', '23e0c2f58eaae061eb4aa653b4ccee49990dea71b921c3f6aa0df037943a3a03', 'Google Cloud Documentation', 'Guides and reference for Google Cloud Platform.', 'https://www.google.com/s2/favicons?domain=cloud.google.com&sz=64', 67, '2026-03-05T10:56:51.040Z', '2026-03-05T10:56:51.040Z');
INSERT INTO bookmark_tag (bookmark_id, tag_id, created_at) VALUES ('ea83db74-fbbd-498e-9409-78934fc6fc7d', '09973018-4a13-4370-b2d4-4924666e9bfc', '2026-03-05T10:56:51.040Z');
INSERT INTO bookmark_tag (bookmark_id, tag_id, created_at) VALUES ('ea83db74-fbbd-498e-9409-78934fc6fc7d', 'ded27133-d30e-4451-8caf-f09f10df5882', '2026-03-05T10:56:51.040Z');
INSERT INTO bookmark_tag (bookmark_id, tag_id, created_at) VALUES ('ea83db74-fbbd-498e-9409-78934fc6fc7d', '54cc6649-66ea-4b5e-8777-c57047c28966', '2026-03-05T10:56:51.040Z');

INSERT INTO bookmark (bookmark_id, collection_id, url, url_hash, title, description, favicon, sort, created_at, updated_at) VALUES ('cb8715c2-af16-43bf-b21c-af125b3c7d91', '0619e72e-1eea-4e6f-bece-a95ae8729379', 'https://learn.microsoft.com/en-us/azure/', '829fe65fe98abedbf86457e79a8872c1cb7b3881e86dba12935162b8201d574d', 'Azure Documentation', 'Microsoft Azure cloud platform documentation.', 'https://www.google.com/s2/favicons?domain=learn.microsoft.com&sz=64', 68, '2026-03-05T11:56:51.040Z', '2026-03-05T11:56:51.040Z');
INSERT INTO bookmark_tag (bookmark_id, tag_id, created_at) VALUES ('cb8715c2-af16-43bf-b21c-af125b3c7d91', '09973018-4a13-4370-b2d4-4924666e9bfc', '2026-03-05T11:56:51.040Z');
INSERT INTO bookmark_tag (bookmark_id, tag_id, created_at) VALUES ('cb8715c2-af16-43bf-b21c-af125b3c7d91', 'ded27133-d30e-4451-8caf-f09f10df5882', '2026-03-05T11:56:51.040Z');
INSERT INTO bookmark_tag (bookmark_id, tag_id, created_at) VALUES ('cb8715c2-af16-43bf-b21c-af125b3c7d91', '54cc6649-66ea-4b5e-8777-c57047c28966', '2026-03-05T11:56:51.040Z');

INSERT INTO bookmark (bookmark_id, collection_id, url, url_hash, title, description, favicon, sort, created_at, updated_at) VALUES ('ffa40592-2e77-49f5-ae4c-d3509fb7c553', '0619e72e-1eea-4e6f-bece-a95ae8729379', 'https://supabase.com/docs', 'bce031a97618e1f96bfa664594754aa1003dfce38961ceada148495e2c6dd3ec', 'Supabase Documentation', 'Open source Firebase alternative built on PostgreSQL.', 'https://www.google.com/s2/favicons?domain=supabase.com&sz=64', 69, '2026-03-05T12:56:51.040Z', '2026-03-05T12:56:51.040Z');
INSERT INTO bookmark_tag (bookmark_id, tag_id, created_at) VALUES ('ffa40592-2e77-49f5-ae4c-d3509fb7c553', '09973018-4a13-4370-b2d4-4924666e9bfc', '2026-03-05T12:56:51.040Z');
INSERT INTO bookmark_tag (bookmark_id, tag_id, created_at) VALUES ('ffa40592-2e77-49f5-ae4c-d3509fb7c553', 'e1730a0d-2fc9-4de1-a80b-e444c580f0a9', '2026-03-05T12:56:51.040Z');
INSERT INTO bookmark_tag (bookmark_id, tag_id, created_at) VALUES ('ffa40592-2e77-49f5-ae4c-d3509fb7c553', 'ded27133-d30e-4451-8caf-f09f10df5882', '2026-03-05T12:56:51.040Z');
INSERT INTO bookmark_tag (bookmark_id, tag_id, created_at) VALUES ('ffa40592-2e77-49f5-ae4c-d3509fb7c553', '1b23c556-0ef8-41dd-85e5-9537315dcd4a', '2026-03-05T12:56:51.040Z');

INSERT INTO bookmark (bookmark_id, collection_id, url, url_hash, title, description, favicon, sort, created_at, updated_at) VALUES ('ae776288-28fe-4232-a3dd-50c3054a7d69', '0619e72e-1eea-4e6f-bece-a95ae8729379', 'https://neon.tech/docs', 'ee0b2146d182ebb71b98cfe54b5bee6ba9222ae12a95ae33cd16148ba3c4638d', 'Neon Documentation', 'Serverless Postgres platform.', 'https://www.google.com/s2/favicons?domain=neon.tech&sz=64', 70, '2026-03-05T13:56:51.040Z', '2026-03-05T13:56:51.040Z');
INSERT INTO bookmark_tag (bookmark_id, tag_id, created_at) VALUES ('ae776288-28fe-4232-a3dd-50c3054a7d69', '09973018-4a13-4370-b2d4-4924666e9bfc', '2026-03-05T13:56:51.040Z');
INSERT INTO bookmark_tag (bookmark_id, tag_id, created_at) VALUES ('ae776288-28fe-4232-a3dd-50c3054a7d69', 'e1730a0d-2fc9-4de1-a80b-e444c580f0a9', '2026-03-05T13:56:51.040Z');
INSERT INTO bookmark_tag (bookmark_id, tag_id, created_at) VALUES ('ae776288-28fe-4232-a3dd-50c3054a7d69', 'ded27133-d30e-4451-8caf-f09f10df5882', '2026-03-05T13:56:51.040Z');

INSERT INTO bookmark (bookmark_id, collection_id, url, url_hash, title, description, favicon, sort, created_at, updated_at) VALUES ('2e6f7717-79b1-425c-a0be-bc150272e3a0', 'efb7988d-e042-46d0-975c-79a891519c25', 'https://docs.docker.com', '37e989a6ce2db0442e83fda0569ffea5e39c2c9d91b664aa8c94f03ae2ab920b', 'Docker Documentation', 'Official Docker documentation.', 'https://www.google.com/s2/favicons?domain=docs.docker.com&sz=64', 71, '2026-03-05T14:56:51.040Z', '2026-03-05T14:56:51.040Z');
INSERT INTO bookmark_tag (bookmark_id, tag_id, created_at) VALUES ('2e6f7717-79b1-425c-a0be-bc150272e3a0', '09973018-4a13-4370-b2d4-4924666e9bfc', '2026-03-05T14:56:51.040Z');
INSERT INTO bookmark_tag (bookmark_id, tag_id, created_at) VALUES ('2e6f7717-79b1-425c-a0be-bc150272e3a0', '54cc6649-66ea-4b5e-8777-c57047c28966', '2026-03-05T14:56:51.040Z');

INSERT INTO bookmark (bookmark_id, collection_id, url, url_hash, title, description, favicon, sort, created_at, updated_at) VALUES ('d27ce69f-f286-401b-8df6-022ec428cbaa', 'efb7988d-e042-46d0-975c-79a891519c25', 'https://kubernetes.io/docs/home/', 'dff1f00bc1b48da27665da49d2047af03319c02e2bffa8a9dfb3c861898303e5', 'Kubernetes Documentation', 'Official Kubernetes documentation.', 'https://www.google.com/s2/favicons?domain=kubernetes.io&sz=64', 72, '2026-03-05T15:56:51.040Z', '2026-03-05T15:56:51.040Z');
INSERT INTO bookmark_tag (bookmark_id, tag_id, created_at) VALUES ('d27ce69f-f286-401b-8df6-022ec428cbaa', '09973018-4a13-4370-b2d4-4924666e9bfc', '2026-03-05T15:56:51.040Z');
INSERT INTO bookmark_tag (bookmark_id, tag_id, created_at) VALUES ('d27ce69f-f286-401b-8df6-022ec428cbaa', '54cc6649-66ea-4b5e-8777-c57047c28966', '2026-03-05T15:56:51.040Z');

INSERT INTO bookmark (bookmark_id, collection_id, url, url_hash, title, description, favicon, sort, created_at, updated_at) VALUES ('7efcb9ef-0bec-42bf-ab2f-098087e6b773', 'efb7988d-e042-46d0-975c-79a891519c25', 'https://docs.github.com/en/actions', '322d314481009e44d7c43329083cdccdaa09de44b29868678cde13df207a37c5', 'GitHub Actions Documentation', 'Automate, customize, and execute workflows in GitHub.', 'https://www.google.com/s2/favicons?domain=docs.github.com&sz=64', 73, '2026-03-05T16:56:51.040Z', '2026-03-05T16:56:51.040Z');
INSERT INTO bookmark_tag (bookmark_id, tag_id, created_at) VALUES ('7efcb9ef-0bec-42bf-ab2f-098087e6b773', '09973018-4a13-4370-b2d4-4924666e9bfc', '2026-03-05T16:56:51.040Z');
INSERT INTO bookmark_tag (bookmark_id, tag_id, created_at) VALUES ('7efcb9ef-0bec-42bf-ab2f-098087e6b773', '30534ea6-1332-4fe1-99e2-246f0627fc82', '2026-03-05T16:56:51.040Z');

INSERT INTO bookmark (bookmark_id, collection_id, url, url_hash, title, description, favicon, sort, created_at, updated_at) VALUES ('eb8ed44b-c00f-4629-ae34-28ddb8c2169c', 'efb7988d-e042-46d0-975c-79a891519c25', 'https://www.terraform.io/docs', '3b6786f5d9fd877516514950fcbc2da343ee9cd1d4ff84940fe989ecea556b95', 'Terraform Documentation', 'Infrastructure as Code with Terraform.', 'https://www.google.com/s2/favicons?domain=www.terraform.io&sz=64', 74, '2026-03-05T17:56:51.040Z', '2026-03-05T17:56:51.040Z');
INSERT INTO bookmark_tag (bookmark_id, tag_id, created_at) VALUES ('eb8ed44b-c00f-4629-ae34-28ddb8c2169c', '09973018-4a13-4370-b2d4-4924666e9bfc', '2026-03-05T17:56:51.040Z');
INSERT INTO bookmark_tag (bookmark_id, tag_id, created_at) VALUES ('eb8ed44b-c00f-4629-ae34-28ddb8c2169c', '54cc6649-66ea-4b5e-8777-c57047c28966', '2026-03-05T17:56:51.040Z');

INSERT INTO bookmark (bookmark_id, collection_id, url, url_hash, title, description, favicon, sort, created_at, updated_at) VALUES ('28ef5d41-eaf7-4177-a27c-0184cfa13945', 'efb7988d-e042-46d0-975c-79a891519c25', 'https://prometheus.io/docs/introduction/overview/', 'e7be7b92116c8666eea022fe4e67923119c9e57f80ee78b80326038c21411c8c', 'Prometheus Documentation', 'Open-source monitoring system and time series database.', 'https://www.google.com/s2/favicons?domain=prometheus.io&sz=64', 75, '2026-03-05T18:56:51.040Z', '2026-03-05T18:56:51.040Z');
INSERT INTO bookmark_tag (bookmark_id, tag_id, created_at) VALUES ('28ef5d41-eaf7-4177-a27c-0184cfa13945', '09973018-4a13-4370-b2d4-4924666e9bfc', '2026-03-05T18:56:51.040Z');
INSERT INTO bookmark_tag (bookmark_id, tag_id, created_at) VALUES ('28ef5d41-eaf7-4177-a27c-0184cfa13945', '1b23c556-0ef8-41dd-85e5-9537315dcd4a', '2026-03-05T18:56:51.040Z');

INSERT INTO bookmark (bookmark_id, collection_id, url, url_hash, title, description, favicon, sort, created_at, updated_at) VALUES ('0b3918d9-7a40-4b93-8bb1-e397a827624e', 'efb7988d-e042-46d0-975c-79a891519c25', 'https://grafana.com/docs/grafana/latest/', '02ef4859d21be4e266f3ac801bb41510f339dcaf9316bb5dad39c50fdb7b236f', 'Grafana Documentation', 'The open observability platform documentation.', 'https://www.google.com/s2/favicons?domain=grafana.com&sz=64', 76, '2026-03-05T19:56:51.040Z', '2026-03-05T19:56:51.040Z');
INSERT INTO bookmark_tag (bookmark_id, tag_id, created_at) VALUES ('0b3918d9-7a40-4b93-8bb1-e397a827624e', '09973018-4a13-4370-b2d4-4924666e9bfc', '2026-03-05T19:56:51.040Z');
INSERT INTO bookmark_tag (bookmark_id, tag_id, created_at) VALUES ('0b3918d9-7a40-4b93-8bb1-e397a827624e', '30534ea6-1332-4fe1-99e2-246f0627fc82', '2026-03-05T19:56:51.040Z');
INSERT INTO bookmark_tag (bookmark_id, tag_id, created_at) VALUES ('0b3918d9-7a40-4b93-8bb1-e397a827624e', '1b23c556-0ef8-41dd-85e5-9537315dcd4a', '2026-03-05T19:56:51.040Z');

INSERT INTO bookmark (bookmark_id, collection_id, url, url_hash, title, description, favicon, sort, created_at, updated_at) VALUES ('fbe5b676-af65-49a3-8ad7-abfd261a7323', 'efb7988d-e042-46d0-975c-79a891519c25', 'https://nginx.org/en/docs/', '4881e32b024195959336e2f2eb32e86715926f35817ff41822fd4f4830efdbd0', 'NGINX Documentation', 'Official NGINX documentation.', 'https://www.google.com/s2/favicons?domain=nginx.org&sz=64', 77, '2026-03-05T20:56:51.040Z', '2026-03-05T20:56:51.040Z');
INSERT INTO bookmark_tag (bookmark_id, tag_id, created_at) VALUES ('fbe5b676-af65-49a3-8ad7-abfd261a7323', '09973018-4a13-4370-b2d4-4924666e9bfc', '2026-03-05T20:56:51.040Z');
INSERT INTO bookmark_tag (bookmark_id, tag_id, created_at) VALUES ('fbe5b676-af65-49a3-8ad7-abfd261a7323', 'ded27133-d30e-4451-8caf-f09f10df5882', '2026-03-05T20:56:51.040Z');
INSERT INTO bookmark_tag (bookmark_id, tag_id, created_at) VALUES ('fbe5b676-af65-49a3-8ad7-abfd261a7323', '54cc6649-66ea-4b5e-8777-c57047c28966', '2026-03-05T20:56:51.040Z');

INSERT INTO bookmark (bookmark_id, collection_id, url, url_hash, title, description, favicon, sort, created_at, updated_at) VALUES ('f5f5dc7a-8faa-444d-9d1e-f66a87f82420', 'cc9a9977-6331-4351-a7b6-2e5a7e9143b8', 'https://overreacted.io', 'f550826eaf11466a3f79c98b1e100a6cdbf9dac7668c0ee380f085f6aae6427b', 'Overreacted – Dan Abramov', 'Personal blog by React core team member Dan Abramov.', 'https://www.google.com/s2/favicons?domain=overreacted.io&sz=64', 78, '2026-03-05T21:56:51.040Z', '2026-03-05T21:56:51.040Z');
INSERT INTO bookmark_tag (bookmark_id, tag_id, created_at) VALUES ('f5f5dc7a-8faa-444d-9d1e-f66a87f82420', 'b4162455-0b3f-4d3f-974e-6dc01bc923e9', '2026-03-05T21:56:51.040Z');
INSERT INTO bookmark_tag (bookmark_id, tag_id, created_at) VALUES ('f5f5dc7a-8faa-444d-9d1e-f66a87f82420', 'fd222bff-d60c-460a-b527-876c39f9f471', '2026-03-05T21:56:51.040Z');
INSERT INTO bookmark_tag (bookmark_id, tag_id, created_at) VALUES ('f5f5dc7a-8faa-444d-9d1e-f66a87f82420', 'f0d295b4-2c45-4686-a910-6a87c81f445d', '2026-03-05T21:56:51.040Z');

INSERT INTO bookmark (bookmark_id, collection_id, url, url_hash, title, description, favicon, sort, created_at, updated_at) VALUES ('2b5d8309-1b83-4aa8-82b2-2ef427cb73dc', 'cc9a9977-6331-4351-a7b6-2e5a7e9143b8', 'https://www.joshwcomeau.com', '5349002575e01af30651f6ad756f2e91dbc089421b89af85de45bac2602322f4', 'Josh W. Comeau''s Blog', 'Interactive deep-dives into CSS, React, and animation.', 'https://www.google.com/s2/favicons?domain=www.joshwcomeau.com&sz=64', 79, '2026-03-05T22:56:51.040Z', '2026-03-05T22:56:51.040Z');
INSERT INTO bookmark_tag (bookmark_id, tag_id, created_at) VALUES ('2b5d8309-1b83-4aa8-82b2-2ef427cb73dc', '73551473-bf33-4d81-a4f5-1ccb11d4d21e', '2026-03-05T22:56:51.040Z');
INSERT INTO bookmark_tag (bookmark_id, tag_id, created_at) VALUES ('2b5d8309-1b83-4aa8-82b2-2ef427cb73dc', 'fd222bff-d60c-460a-b527-876c39f9f471', '2026-03-05T22:56:51.040Z');
INSERT INTO bookmark_tag (bookmark_id, tag_id, created_at) VALUES ('2b5d8309-1b83-4aa8-82b2-2ef427cb73dc', 'f0d295b4-2c45-4686-a910-6a87c81f445d', '2026-03-05T22:56:51.040Z');

INSERT INTO bookmark (bookmark_id, collection_id, url, url_hash, title, description, favicon, sort, created_at, updated_at) VALUES ('36090b70-6c67-4ea2-a457-1d882dfc6b06', 'cc9a9977-6331-4351-a7b6-2e5a7e9143b8', 'https://kentcdodds.com/blog', 'b3e7de0d6c791d749056adf058c81efe869e78c55c137e94e7c6fec32b848641', 'Kent C. Dodds Blog', 'Articles on testing, React, and software quality.', 'https://www.google.com/s2/favicons?domain=kentcdodds.com&sz=64', 80, '2026-03-05T23:56:51.040Z', '2026-03-05T23:56:51.040Z');
INSERT INTO bookmark_tag (bookmark_id, tag_id, created_at) VALUES ('36090b70-6c67-4ea2-a457-1d882dfc6b06', 'b4162455-0b3f-4d3f-974e-6dc01bc923e9', '2026-03-05T23:56:51.040Z');
INSERT INTO bookmark_tag (bookmark_id, tag_id, created_at) VALUES ('36090b70-6c67-4ea2-a457-1d882dfc6b06', 'fd222bff-d60c-460a-b527-876c39f9f471', '2026-03-05T23:56:51.040Z');
INSERT INTO bookmark_tag (bookmark_id, tag_id, created_at) VALUES ('36090b70-6c67-4ea2-a457-1d882dfc6b06', '5a7b5aff-508a-4238-a6d8-bdf8685095cf', '2026-03-05T23:56:51.040Z');

INSERT INTO bookmark (bookmark_id, collection_id, url, url_hash, title, description, favicon, sort, created_at, updated_at) VALUES ('465659a5-ea97-4509-942d-28b9099b4d2e', 'cc9a9977-6331-4351-a7b6-2e5a7e9143b8', 'https://tkdodo.eu/blog', 'fb27ce3df6bddb55af946b672071f9ccafce6dd2f9b4e381fefc27f5fdf2c14f', 'TkDodo''s Blog', 'Articles about React Query and TypeScript.', 'https://www.google.com/s2/favicons?domain=tkdodo.eu&sz=64', 81, '2026-03-06T00:56:51.040Z', '2026-03-06T00:56:51.040Z');
INSERT INTO bookmark_tag (bookmark_id, tag_id, created_at) VALUES ('465659a5-ea97-4509-942d-28b9099b4d2e', 'fd222bff-d60c-460a-b527-876c39f9f471', '2026-03-06T00:56:51.040Z');
INSERT INTO bookmark_tag (bookmark_id, tag_id, created_at) VALUES ('465659a5-ea97-4509-942d-28b9099b4d2e', '725711ff-e983-47d9-8ae2-c77459f56a77', '2026-03-06T00:56:51.040Z');

INSERT INTO bookmark (bookmark_id, collection_id, url, url_hash, title, description, favicon, sort, created_at, updated_at) VALUES ('7acfba4e-9a71-4d9b-9333-691614cd408c', 'cc9a9977-6331-4351-a7b6-2e5a7e9143b8', 'https://css-tricks.com', '42004a7f8f43f7e7c3a60de71da73b7f63c75a82d3e636c0c54d4a5fe380712f', 'CSS-Tricks', 'Tips, Tricks, and Techniques on using CSS.', 'https://www.google.com/s2/favicons?domain=css-tricks.com&sz=64', 82, '2026-03-06T01:56:51.040Z', '2026-03-06T01:56:51.040Z');
INSERT INTO bookmark_tag (bookmark_id, tag_id, created_at) VALUES ('7acfba4e-9a71-4d9b-9333-691614cd408c', '73551473-bf33-4d81-a4f5-1ccb11d4d21e', '2026-03-06T01:56:51.040Z');
INSERT INTO bookmark_tag (bookmark_id, tag_id, created_at) VALUES ('7acfba4e-9a71-4d9b-9333-691614cd408c', 'f0d295b4-2c45-4686-a910-6a87c81f445d', '2026-03-06T01:56:51.040Z');
INSERT INTO bookmark_tag (bookmark_id, tag_id, created_at) VALUES ('7acfba4e-9a71-4d9b-9333-691614cd408c', 'bc3a4b04-a3ff-4826-9190-305a4152a925', '2026-03-06T01:56:51.040Z');

INSERT INTO bookmark (bookmark_id, collection_id, url, url_hash, title, description, favicon, sort, created_at, updated_at) VALUES ('b42dd21d-08ef-442c-9b98-b87e619eded0', 'cc9a9977-6331-4351-a7b6-2e5a7e9143b8', 'https://www.patterns.dev', '0b407282bab391d35bdde4ec737c50509a1546793eac9105fe03ee55f2d3d95c', 'Patterns.dev', 'Modern web app design patterns and component patterns.', 'https://www.google.com/s2/favicons?domain=www.patterns.dev&sz=64', 83, '2026-03-06T02:56:51.040Z', '2026-03-06T02:56:51.040Z');
INSERT INTO bookmark_tag (bookmark_id, tag_id, created_at) VALUES ('b42dd21d-08ef-442c-9b98-b87e619eded0', 'b4162455-0b3f-4d3f-974e-6dc01bc923e9', '2026-03-06T02:56:51.040Z');
INSERT INTO bookmark_tag (bookmark_id, tag_id, created_at) VALUES ('b42dd21d-08ef-442c-9b98-b87e619eded0', 'f0d295b4-2c45-4686-a910-6a87c81f445d', '2026-03-06T02:56:51.040Z');
INSERT INTO bookmark_tag (bookmark_id, tag_id, created_at) VALUES ('b42dd21d-08ef-442c-9b98-b87e619eded0', '54cc6649-66ea-4b5e-8777-c57047c28966', '2026-03-06T02:56:51.040Z');

INSERT INTO bookmark (bookmark_id, collection_id, url, url_hash, title, description, favicon, sort, created_at, updated_at) VALUES ('8fa2a640-d0b1-4a72-a5dd-65b0448c1a7e', 'cc9a9977-6331-4351-a7b6-2e5a7e9143b8', 'https://2ality.com', '5ff335086f8fb070f55d1885c5910f6fa5955fe90ace213923f7f34d8278f937', '2ality – JavaScript', 'Dr. Axel Rauschmayer''s blog on JavaScript and TypeScript.', 'https://www.google.com/s2/favicons?domain=2ality.com&sz=64', 84, '2026-03-06T03:56:51.040Z', '2026-03-06T03:56:51.040Z');
INSERT INTO bookmark_tag (bookmark_id, tag_id, created_at) VALUES ('8fa2a640-d0b1-4a72-a5dd-65b0448c1a7e', 'b4162455-0b3f-4d3f-974e-6dc01bc923e9', '2026-03-06T03:56:51.040Z');
INSERT INTO bookmark_tag (bookmark_id, tag_id, created_at) VALUES ('8fa2a640-d0b1-4a72-a5dd-65b0448c1a7e', '725711ff-e983-47d9-8ae2-c77459f56a77', '2026-03-06T03:56:51.040Z');

INSERT INTO bookmark (bookmark_id, collection_id, url, url_hash, title, description, favicon, sort, created_at, updated_at) VALUES ('95fc0e81-231e-404f-a6db-a27151ea92e3', 'cc9a9977-6331-4351-a7b6-2e5a7e9143b8', 'https://www.swyx.io', '4c70611be02014d54dfb9da6852307a83f1d6264991b87bf8e8221db6b34e67f', 'swyx.io', 'Writing on React, TypeScript, and developer productivity.', 'https://www.google.com/s2/favicons?domain=www.swyx.io&sz=64', 85, '2026-03-06T04:56:51.040Z', '2026-03-06T04:56:51.040Z');
INSERT INTO bookmark_tag (bookmark_id, tag_id, created_at) VALUES ('95fc0e81-231e-404f-a6db-a27151ea92e3', 'b4162455-0b3f-4d3f-974e-6dc01bc923e9', '2026-03-06T04:56:51.040Z');
INSERT INTO bookmark_tag (bookmark_id, tag_id, created_at) VALUES ('95fc0e81-231e-404f-a6db-a27151ea92e3', '725711ff-e983-47d9-8ae2-c77459f56a77', '2026-03-06T04:56:51.040Z');
INSERT INTO bookmark_tag (bookmark_id, tag_id, created_at) VALUES ('95fc0e81-231e-404f-a6db-a27151ea92e3', 'f0d295b4-2c45-4686-a910-6a87c81f445d', '2026-03-06T04:56:51.040Z');

INSERT INTO bookmark (bookmark_id, collection_id, url, url_hash, title, description, favicon, sort, created_at, updated_at) VALUES ('e2e555bf-40b0-4f42-a0d5-d8b9e0f41dc8', 'cc9a9977-6331-4351-a7b6-2e5a7e9143b8', 'https://martinfowler.com', '3b9fa123a4187ea29a6d3fd5655b382b43c42362e7333fd8af9dd106c3d2e09d', 'Martin Fowler', 'Articles on software design, architecture and agile.', 'https://www.google.com/s2/favicons?domain=martinfowler.com&sz=64', 86, '2026-03-06T05:56:51.040Z', '2026-03-06T05:56:51.040Z');
INSERT INTO bookmark_tag (bookmark_id, tag_id, created_at) VALUES ('e2e555bf-40b0-4f42-a0d5-d8b9e0f41dc8', 'ded27133-d30e-4451-8caf-f09f10df5882', '2026-03-06T05:56:51.040Z');
INSERT INTO bookmark_tag (bookmark_id, tag_id, created_at) VALUES ('e2e555bf-40b0-4f42-a0d5-d8b9e0f41dc8', '54cc6649-66ea-4b5e-8777-c57047c28966', '2026-03-06T05:56:51.040Z');

INSERT INTO bookmark (bookmark_id, collection_id, url, url_hash, title, description, favicon, sort, created_at, updated_at) VALUES ('c82d6570-37f1-4b90-af09-cbe61aa34e13', 'cc9a9977-6331-4351-a7b6-2e5a7e9143b8', 'https://newsletter.pragmaticengineer.com', '2c1f070ad4e5a6797a21893c880752c4d5c2d7859f982b888317dd85e785a8e3', 'The Pragmatic Engineer', 'Insights from inside tech companies.', 'https://www.google.com/s2/favicons?domain=newsletter.pragmaticengineer.com&sz=64', 87, '2026-03-06T06:56:51.040Z', '2026-03-06T06:56:51.040Z');
INSERT INTO bookmark_tag (bookmark_id, tag_id, created_at) VALUES ('c82d6570-37f1-4b90-af09-cbe61aa34e13', '54cc6649-66ea-4b5e-8777-c57047c28966', '2026-03-06T06:56:51.040Z');

INSERT INTO bookmark (bookmark_id, collection_id, url, url_hash, title, description, favicon, sort, created_at, updated_at) VALUES ('9f33beea-f3eb-409f-83f1-06463d72c918', 'cc9a9977-6331-4351-a7b6-2e5a7e9143b8', 'https://roadmap.sh', 'e1d1c75f4c676942ef63da1749b18ea73ac9d6425cec262334c36bfcf0476aea', 'Developer Roadmaps', 'Community-driven roadmaps for developers.', 'https://www.google.com/s2/favicons?domain=roadmap.sh&sz=64', 88, '2026-03-06T07:56:51.040Z', '2026-03-06T07:56:51.040Z');
INSERT INTO bookmark_tag (bookmark_id, tag_id, created_at) VALUES ('9f33beea-f3eb-409f-83f1-06463d72c918', '54cc6649-66ea-4b5e-8777-c57047c28966', '2026-03-06T07:56:51.040Z');
INSERT INTO bookmark_tag (bookmark_id, tag_id, created_at) VALUES ('9f33beea-f3eb-409f-83f1-06463d72c918', 'c9adc85c-ceb5-4316-9e52-0511f34dffdb', '2026-03-06T07:56:51.040Z');

INSERT INTO bookmark (bookmark_id, collection_id, url, url_hash, title, description, favicon, sort, created_at, updated_at) VALUES ('40801cd3-d306-40ae-9511-8c952cb9fa61', 'cc9a9977-6331-4351-a7b6-2e5a7e9143b8', 'https://web.dev/learn', 'd4ca6b8aeaa2a302e0be695923de6b9479527395b6d9157367a944959ba8fa1f', 'Learn Web Development – web.dev', 'Courses and resources for learning modern web development.', 'https://www.google.com/s2/favicons?domain=web.dev&sz=64', 89, '2026-03-06T08:56:51.040Z', '2026-03-06T08:56:51.040Z');
INSERT INTO bookmark_tag (bookmark_id, tag_id, created_at) VALUES ('40801cd3-d306-40ae-9511-8c952cb9fa61', 'f0d295b4-2c45-4686-a910-6a87c81f445d', '2026-03-06T08:56:51.040Z');
INSERT INTO bookmark_tag (bookmark_id, tag_id, created_at) VALUES ('40801cd3-d306-40ae-9511-8c952cb9fa61', 'c9adc85c-ceb5-4316-9e52-0511f34dffdb', '2026-03-06T08:56:51.040Z');
INSERT INTO bookmark_tag (bookmark_id, tag_id, created_at) VALUES ('40801cd3-d306-40ae-9511-8c952cb9fa61', '54cc6649-66ea-4b5e-8777-c57047c28966', '2026-03-06T08:56:51.040Z');

INSERT INTO bookmark (bookmark_id, collection_id, url, url_hash, title, description, favicon, sort, created_at, updated_at) VALUES ('26628253-dcf8-433c-bc9a-8b49bc054223', 'cc9a9977-6331-4351-a7b6-2e5a7e9143b8', 'https://frontendmasters.com', 'df0f7d72172fed397b2eca01f8af585467a4cac47ca15e69265a4c3b4cfc8ae9', 'Frontend Masters', 'Level up your JavaScript and React skills.', 'https://www.google.com/s2/favicons?domain=frontendmasters.com&sz=64', 90, '2026-03-06T09:56:51.040Z', '2026-03-06T09:56:51.040Z');
INSERT INTO bookmark_tag (bookmark_id, tag_id, created_at) VALUES ('26628253-dcf8-433c-bc9a-8b49bc054223', 'b4162455-0b3f-4d3f-974e-6dc01bc923e9', '2026-03-06T09:56:51.040Z');
INSERT INTO bookmark_tag (bookmark_id, tag_id, created_at) VALUES ('26628253-dcf8-433c-bc9a-8b49bc054223', 'f0d295b4-2c45-4686-a910-6a87c81f445d', '2026-03-06T09:56:51.040Z');
INSERT INTO bookmark_tag (bookmark_id, tag_id, created_at) VALUES ('26628253-dcf8-433c-bc9a-8b49bc054223', 'c9adc85c-ceb5-4316-9e52-0511f34dffdb', '2026-03-06T09:56:51.040Z');
